uuid;name;salary;birthday
9db5b197-623c-44c9-b6b9-505956ace6e9;Thalia;5949.97;20.05.1951 12:05
95969b17-31c5-4507-8472-51191a01b990;Jenda;9735.57;22.02.1969 9:02
164eb41d-5ca5-4e67-8a22-b1cd56352a6c;Caritta;6113.25;23.02.1964 1:02
aed77dfe-8525-4cf5-857b-891b29f93dc1;Tracey;1064.71;23.03.1959 5:03
3645e766-eceb-49c1-9087-a1de13dd10fe;Vonny;4852.4;26.07.1978 1:07
7c9e1057-f596-417d-908e-bcb212d29421;Corry;2182.83;07.08.1984 1:08
9526d209-c198-4bfb-9277-e2580b8447f0;Ariela;8475.58;13.03.1951 11:03
21ab69b4-3656-4c63-891d-b3cc2692d36e;Sophia;1929.27;05.03.1964 3:03
c5e0f281-dccf-4430-99e6-8a073a58870d;Bill;3759.62;01.01.1957 2:01
98975524-296a-4a70-953b-766dca523160;Gratia;3295.32;30.07.1950 1:07
39cb7dd1-6a6a-43b6-989e-ee5b83fb07ca;Amii;4339.46;13.01.1986 12:01
148e543c-3f8e-4874-8960-895bde413a2f;Lucille;1498.95;04.12.1961 10:12
6fe1c3c0-1a3d-4637-8aa6-c83a14627282;Ermengarde;4273.38;26.04.1972 10:04
8b3fabde-f49c-4fb8-85b7-04e690da600b;Lauryn;8103.6;18.11.1991 12:11
173d96da-a48c-44b8-b51e-58fe49f6cc74;Ketti;7216.94;06.05.2013 8:05
78e486c6-55c6-4f99-9dd2-70bb58eada58;Reeba;7615.47;30.01.1980 5:01
dfd7a77b-cdef-4dfe-8e9d-9b182eb587a8;Selia;1917.29;21.12.1952 7:12
a46a4e97-3d0f-4ae9-96b9-9395362746c8;Jan;4559.46;18.04.2014 10:04
09fa4785-34d2-4030-9057-d80fe1f95bd6;Romona;2265.5;31.03.1953 6:03
69c6694c-8bb4-467d-b0c0-42b738c570df;Rhoda;2763.21;08.10.1989 6:10
8ee64cfb-7e23-498c-ae5b-be34f61171d4;Maridel;7248.92;15.05.2008 6:05
339f75df-f992-45e4-a0fe-44dd6a152f53;Nickie;5387.84;26.02.1956 12:02
fb101552-2e29-4cd1-ac80-f8454e2b59ba;Mariann;3175.84;02.09.1951 2:09
d39cf263-d2a8-4ebb-b5ca-c6976f348e6d;Tiffie;8405.67;08.12.1953 10:12
08c63590-707e-4c6f-836d-43cd56f5d175;Danika;5637.09;04.02.2001 12:02
2f680577-e06f-413a-9cd8-63fd31d86cca;Julieta;3728.19;11.01.1965 12:01
9eee8f9c-d8cf-48e1-b45c-ec357b8569ca;Dorothy;2772.44;07.03.1958 3:03
bd40e10c-9e77-478d-bca6-3cf93f3225f3;Charmaine;1655.92;10.09.1967 9:09
359197bf-1f95-420b-a71d-cd1f3f5f095f;Tierney;9415.23;28.08.2001 4:08
feb62d40-51cb-43e2-a586-871a1772def9;Silvana;9942.09;29.12.1998 7:12
4a5aaa23-36ba-4ee7-aeea-03a4f15f76ac;Cordi;7101.23;27.05.1986 4:05
d322eb10-0a93-486f-995a-67142a04f327;Augustine;7363.2;26.08.2000 11:08
fc27e07d-10b6-4613-942e-15a32ef67e49;Malina;7154.71;18.12.1974 4:12
d213e5ce-6a96-4230-982b-bc56efaa541d;Sean;5002.39;19.12.2000 7:12
7ac055d6-195a-4398-a96e-ea8afd0b5cdf;Raina;9365.61;20.11.1994 6:11
5fc8a67d-7fcc-4373-b0d8-4b2d8acbd09e;Norine;6115.33;11.01.1956 10:01
54492642-46ed-41cb-bbba-0d10af56ba91;Meg;4997.01;01.09.2007 12:09
dc34f7de-a658-4c85-b9ff-91c933de49f5;Violet;7607.87;12.12.1997 2:12
3bf8b773-f284-43f4-91aa-58a0f747a7d3;Randa;2258.83;30.12.1983 4:12
c1390710-fdeb-4dc0-8a25-5582903fd476;Dyann;4652.14;04.07.1965 2:07
613ea08c-d050-49f8-8a78-7e3d9facdde9;Gavrielle;9261.16;12.10.1975 8:10
df808619-d03e-41bb-936c-f8755f9018e4;Tera;7787.15;24.01.2002 6:01
03ebf22b-ab85-4571-a25c-55d7add2ea6d;Sybille;7673.81;04.07.2014 2:07
577e8de5-fd99-4a88-b2b3-1fa744776e29;Kimmy;1744.81;25.07.2005 4:07
e7df14bc-0817-41dc-bd80-c3c8964d0bfb;Gerianna;5150.58;02.08.2008 5:08
37d63dce-98e9-416e-8041-fa3b72027e83;Kayla;9622.37;18.03.2016 5:03
ca1d1eb5-86d5-45da-954c-74c7d06cc86b;Eolanda;7705.78;28.06.1999 4:06
f592cf8b-683e-4b6b-ab33-bea230fbffdc;Elmira;2938.09;22.10.1976 5:10
b5c86edd-5eea-48f2-b971-88a0bd300a50;Aaren;6857.43;04.06.1974 4:06
dab932f1-9a7e-49ca-b22f-c085c9ce1d3f;Heddie;3271.97;02.11.1997 3:11
b7c4eacf-2974-4855-873a-828e230d9524;Dale;2118.34;30.07.1978 3:07
15e22556-d6de-4073-8b5c-a275e5720edf;Frank;8546.08;10.10.1957 4:10
f5323a7a-b375-4d3e-a381-648c6f2e2b0a;Jillayne;8412.2;22.09.1957 11:09
0d00bf03-1bf5-4e18-b393-101bd60ffdc8;Celisse;5729.38;22.07.1966 6:07
9c4c9abe-42b1-40af-b6e1-61aa62b487ca;Kimmy;1273.22;15.02.1967 7:02
d601e086-3a62-4a0d-a856-12f85082b6ee;Gwenneth;1392.59;01.10.1998 12:10
9f5f107e-af2d-440d-a305-c5215ec7b3ee;Cyndie;3152.15;12.08.2018 4:08
0c9bc912-5ac2-4588-9fb1-a339b1e3a874;Minda;1283.63;20.08.1986 6:08
a334cc7b-bab9-4ee4-b915-d844cc489fe7;Glynnis;7406.82;17.08.2017 3:08
c85ce402-a813-4920-b416-31a2ec6a70dc;Donetta;8993.12;10.12.1995 4:12
98ad0ffe-c697-4cc3-92bb-027fc097cdd7;Stacey;4074.36;17.12.2007 5:12
0b085925-84bf-42f4-953e-ab17bb56cfef;Karly;8234.36;06.07.1966 7:07
ddb652bd-6086-457e-8be7-e03df87ac6d1;Frances;4945.75;01.02.1991 12:02
45bfa7e6-408e-4bb6-ac3a-043ebd4c5d79;Teddie;5236.15;21.10.1970 9:10
be45d8fe-8b16-43c3-aa93-93f357e0cc55;Brietta;4635.09;20.08.2011 6:08
5a6e30a8-6182-4e27-8b96-323ca17e976f;Antonietta;6351.46;20.12.2018 9:12
2af6f5be-518a-48a6-a018-a791e801176b;Brena;3199;15.02.2002 10:02
c5d20fce-dc99-48d4-a196-31c4050a9778;Tori;6912.12;27.07.1979 2:07
73c4efa0-e925-4991-8bb2-a0b3075bda27;Magdalena;7043.34;22.10.2005 3:10
f6ca82ea-5372-4907-887a-e5f5ba449734;Magdalena;2666.94;27.03.1957 5:03
8a236cf2-65b4-4ca7-8319-c34cb7a02b26;Sophia;6102.34;13.08.1983 4:08
627d4f35-92b0-44ae-b24f-67acd2417034;Regina;2021.61;13.09.1985 5:09
ca0d99a3-6886-4064-964c-daf35f99646c;Carlie;3929.6;14.12.1990 7:12
29c42ea6-eca1-4230-9eaf-faa02baf2773;Augustine;1883.25;15.04.1950 2:04
2f2e2794-b758-4cfd-a499-9514ac249ce4;Caritta;9463.11;11.03.2015 12:03
f48f5e82-ddfe-44dd-bb07-3681707cc998;Nananne;6275.51;01.10.1986 10:10
3620b09c-3c6f-40c9-90d7-23c710e5c93e;Karena;7816.46;04.11.1951 10:11
f98e0d33-610e-4007-a7cc-4636fdda879d;Willetta;8662.51;31.03.1974 11:03
eb864aa4-ae7e-4a03-98f8-4b7396342781;Cristabel;3044.99;27.12.2016 2:12
c0115d45-33d0-42f5-9c6d-a3c15ae3cbfc;Gisela;9266.67;23.10.2013 4:10
8b70bac4-37b9-4648-8336-95bfda27829b;Kore;9406.15;06.10.1960 3:10
b82def7d-54d8-4df0-8131-6795f84880de;Briney;7365.87;21.06.1962 10:06
d81385a3-3e71-4945-b01b-ba3ff4285a44;Catharine;7371.83;24.03.2000 6:03
ff58a7c6-204d-4b34-930b-ae7f8c6cf17d;Orsola;4411.09;06.04.1982 7:04
73dff685-4fda-4cd0-8f70-227edd829766;Daune;7106.2;05.04.1964 9:04
a7de47d8-d3eb-466c-9046-98ded6093544;Cathie;7359.01;02.02.2015 10:02
b2ed062b-1e47-4175-ad09-1c03903eb987;Dolli;4199.4;12.09.1997 9:09
bf24db25-e494-4e09-9ea0-82489c9f14c4;Alameda;8729.97;02.09.2001 5:09
089678de-b0cd-4bf0-b16c-e51c6e793f32;Ofilia;9351.81;04.11.1951 10:11
83ee8425-5bca-4c1c-978b-7e93bae232c0;Kathi;6395.01;07.01.1952 3:01
107c4f0b-7862-4ddf-a223-7b50830eeaf0;Jaclyn;1918.92;07.01.1989 4:01
85cd6297-5f11-4390-a9d9-cb3f6655cf28;Etta;6767.78;09.06.2000 8:06
fd1fede6-a801-4dc2-a333-857ab77f5289;Meriel;1167.56;28.01.1955 12:01
8e48b836-a383-4af3-86fb-5abca43167ad;Robbi;9005.22;11.05.2012 5:05
dc1c3e12-6b70-4738-93ef-b075206b80ac;Ethel;9592.81;29.07.1957 3:07
987a2a9d-39bf-49bb-aa9e-2261523983ee;Minda;5567.32;12.01.1958 12:01
ec617b11-dc92-41e7-84c1-ba2888b37e13;Annice;3534.1;23.06.1972 8:06
0e2d4d13-8d04-4328-83fc-26edef07ee9e;Harmonia;1437.49;04.07.2014 3:07
1a8ccb44-bf83-4767-aae7-343c46725d9b;Shauna;8007.11;05.01.2006 2:01
e2a07718-a761-408a-975a-357817130130;Dede;1715.59;08.06.1989 7:06
7916e852-b5da-4beb-81a2-333c7cf60b3a;Dianemarie;7201.55;22.02.1985 8:02
bb50d387-4eef-4a1f-b1ba-fde005d55919;Donetta;2985.69;21.09.1993 1:09
c027eee0-5fc5-49e2-8fd7-d6bb5cc2fd53;Mellicent;9734.8;09.04.1981 4:04
8982ca43-fa87-4233-9516-3089d7f2e6f9;Maryellen;6979.64;29.08.2016 6:08
4b368249-c7fc-4f99-9b5c-22be9e2fe3a6;Tina;6517.9;19.06.1989 5:06
ae10e44f-f090-471f-aa73-a283124f33f5;Calla;7363.08;19.10.2004 6:10
5da68866-d3fb-40f4-af23-0fbb33108677;Madalyn;4134.81;22.11.1963 11:11
e88fc5f2-a9f1-41dc-886e-c2b9994bd7cd;Shirlee;5285.02;05.02.1970 5:02
e0bf08ef-9d5c-4b71-9055-07cb9276c843;Hayley;1917.78;08.04.2016 4:04
74c1e6a7-be41-4818-826a-11209a1143e5;Ericka;3832.03;11.11.2006 6:11
a9cbe332-ada3-4a9d-9663-0d179b255ac1;Leeanne;7674.82;29.09.1963 1:09
2b3921b2-2ae4-43a7-9a9d-02dce6e29d5e;Doralynne;1892.57;14.03.2018 7:03
78b3aed4-5a45-4865-9134-133244b5ae27;Susan;5132.54;11.06.1962 4:06
2ef55c83-a78c-4281-af47-5e16364a2324;Netty;9751.84;15.03.1971 1:03
784b9b46-5b80-4549-87e0-740f0d38ab31;Robbi;4194.09;27.01.2003 7:01
dc73803c-5849-4abf-809a-6e4b4e009670;Rochette;4530.78;26.01.1991 12:01
a313561c-f29b-4786-9765-e5fe376549a5;Marylou;1114.36;22.03.2015 12:03
811b2f0d-86d8-40fd-940c-832099c157bf;Babita;4769.76;15.02.2006 11:02
6fa4a15b-97eb-4d3c-8574-715860b4ee94;Kittie;2008.41;01.08.1986 3:08
41829897-8904-4d5f-9480-0670b6d51f28;Janenna;1226.29;26.03.1988 8:03
d20a93be-cfb8-4f59-8563-30e95e111290;Lexine;3207.26;23.07.1983 4:07
e38b6256-b3b3-447b-89df-fb78e5b4ced5;Cissiee;9573.5;05.08.1981 4:08
89dfbb80-c1f4-48df-974c-538d9d5f0cc5;Layla;9268.62;04.10.1969 11:10
c861cfbe-b793-445d-8ba4-0296eeda8df1;Nananne;1320.64;05.02.1995 6:02
0fd3657f-dd01-423a-9599-3ba536cc6af7;Adelle;3557.56;19.03.1979 1:03
3be80834-4288-4644-8fce-948d69fe84b7;Gretal;5090.84;27.02.2000 1:02
e6298b6a-2316-4fea-8468-21b2d10db283;Ileana;8581.76;12.09.2000 4:09
e372fc28-a3ba-47f4-9652-10f251731a20;Ardys;1300.75;22.02.2011 6:02
bf07eb7e-ee7d-43d7-bab1-a5151b4a636d;Frances;8233.15;12.01.1970 11:01
f46fc977-a3b0-4d15-80c4-07f36a82bd32;Chrystel;2726.39;30.01.1978 2:01
5d334bd1-7909-4078-b12f-dd34dcf4bd3c;Agnese;7602.85;13.07.1969 4:07
9c825a07-f5c4-4627-a5b2-20528ad70b1e;Emmey;5656.53;07.09.1953 4:09
6d5a6db1-52c6-420f-ac07-fc1a98ddc8ed;Marinna;4315.58;09.01.2010 2:01
24dd8ed3-4dc6-49db-8e2f-82d91ef98e24;Selma;4607.79;02.12.2015 2:12
5b7bba98-b39e-40df-9778-1f21f5b11185;Concettina;4690.23;02.09.1999 11:09
f09dd136-bd25-4b09-8744-4af60d1f97c3;Arlina;1602.74;02.01.1983 2:01
b0eac88e-08c2-45bc-9efd-1df617ea03c5;Kimmy;9876.16;11.08.1973 12:08
65b377ea-ab47-4586-bb83-c25e3d7cf1b4;Cassondra;3186.35;31.07.2010 6:07
ecd60f1f-2c4c-42c6-86d9-a0dbe728e50e;Carmencita;8480.04;16.02.2007 3:02
db58a365-88c0-435c-9b02-b26baffb6264;Clary;1756.71;05.02.1956 6:02
2bf51e3a-a1e2-4d39-a90f-75b12f0b6ef7;Cathie;4752.71;16.06.1974 2:06
d0a63bb7-acc4-4850-8a6b-0df3d73afc39;Barbi;6456.72;07.06.1994 6:06
28c3ec08-acfa-46f0-a82c-c4b50713d711;Janis;8124.31;09.06.1964 7:06
19aaef8d-ea33-4b3b-85c1-36e7c8b6151b;Rosene;2058.06;28.08.1971 4:08
3ed8165f-ffbc-41fc-b169-30fe5babace5;Tatiania;7119.53;19.04.1984 12:04
aa4e446f-ad51-45d8-af84-1a0f18e8bec8;Tybie;6980.61;23.06.1986 6:06
8387d68e-62f8-409d-9163-25755bd37598;Anestassia;4475.01;25.07.1985 10:07
0f1b9c95-85cf-4ddf-ba44-06b64bde0cec;Millie;8903.71;22.02.1976 5:02
f7b98cd7-350d-4b36-b78e-85bf16dade81;Fanchon;6251.04;27.08.2010 9:08
8e6615b1-89e1-4932-bdc5-478deda6b3a0;Marylou;1302.48;31.05.1971 10:05
859370e6-2e18-4de2-9b60-1a5603a95a46;Amelia;1993.63;14.12.1982 6:12
3cae0740-2658-4fac-ad6f-6bb914ab68d9;Phylis;4515.53;09.05.2007 3:05
d19edf03-d9ca-4157-b8e2-21d7e0f68d5f;Ayn;1494.93;30.09.1959 5:09
0edad5fe-5aaa-4b76-a39c-1d2712ada392;Jasmina;2007.13;06.02.1984 12:02
0b9b31b5-b32b-42cf-a3ff-0229e88b0c26;Ana;9187.68;28.03.1995 11:03
f884b223-795d-41bf-8e5f-6a7ab5464ed5;Kaja;4960.29;12.01.1965 1:01
7f506235-516c-4d4b-9dcf-1df4859ffa35;Valli;1206.79;23.01.1972 8:01
ddf7df76-be21-419b-978e-da2ac66d2724;Gwenneth;9967.39;19.09.1975 5:09
08d7db7c-196c-49bc-8d08-4bb3eae0ac4e;Maurene;8291.37;10.06.2014 10:06
eed80437-e8ac-46a6-a999-3f26f3e4185a;Karly;9933.92;15.01.1980 11:01
d95d6372-ad69-458f-a302-226ccec360a4;Alie;7633.06;02.04.2002 9:04
fd72229a-71f4-4855-abc4-9243386df195;Mariele;3046.52;29.11.2001 10:11
f06141c0-edb3-4c3e-8801-0794fe3f5593;Genevra;7819.07;07.02.1951 10:02
df5c3839-c6fa-44d4-85ba-7d8ded3fea92;Gloria;6299.99;16.02.1951 10:02
31e0ee29-3a2a-49bb-a86d-986c1aa0a549;Merci;2828.52;09.02.1982 7:02
c8b7ce3a-3009-4b5b-a38c-926fb081e742;Zsa Zsa;9975.79;29.09.2010 10:09
c29ea414-dd06-4a76-ac07-82d2cb9e4c98;Basia;7872.63;11.11.1966 11:11
8b348c7c-b242-4b8a-bcbe-768b05027833;Cathie;6118.62;28.05.1955 3:05
9cf36cee-9a53-4989-916c-271df2f10516;Rori;8385.92;14.02.2014 7:02
8f16fd82-e14f-4ab2-b87e-3f50fff90bb8;Sadie;2005.27;03.10.1964 8:10
19227b2d-8f14-4e1a-9f83-91f159b73898;Minda;6233.96;14.06.1986 4:06
8be000d9-7777-41e8-9515-224a9dfea06d;Henriette;4077.18;16.05.2007 2:05
de13dffb-f243-4dcf-bcd1-1ee7ba791015;Edee;7916.35;05.10.1954 4:10
4a878a2d-7f1a-448d-b4f6-7ce6d7a86bca;Nicoli;8961.25;11.04.1977 5:04
ae35016e-534f-49e7-a29f-6f80cf360b35;Gavrielle;2062.91;08.11.1975 4:11
2c55ae97-0ca6-4360-9235-c22ae4974562;Agathe;5355.67;24.10.1989 2:10
0ad22213-fb40-4749-91ed-3f8dd7c3cdb1;Blondelle;4352.78;04.07.1998 12:07
27e8c79f-c152-4df8-a459-7e8260592304;Dari;4590.25;03.09.1979 3:09
23f3c52f-81c7-44ca-961c-45439ecffb9b;Annecorinne;2892.64;16.07.1961 2:07
59c5a2d3-c160-44d5-ab86-1021e0a3b23e;Kary;1603.8;06.11.2005 8:11
7f5ab72f-33ec-4d0e-acbb-3298dca08963;Olwen;2207.13;01.10.1997 4:10
cff056d1-adcb-47f6-9c77-2aa33cba719b;Viviene;1961.13;25.03.2009 10:03
1b1a1f8c-4586-4f29-a05f-ad7fd3964c38;Elena;9612.02;04.05.2014 11:05
955e00fe-c37a-49e5-b178-7b77eabcf195;Amalie;3581.3;29.05.1997 8:05
9a3bdb2e-d246-4802-9f6f-fa1a638629ed;Jackie;5636.03;22.10.2015 9:10
eb9cd5c4-d963-414e-a633-e97e8b71a06d;Brynna;2603.06;16.12.1952 5:12
4759d8f9-e997-4f5d-a757-ac7f6f596688;Lolita;2018.54;31.03.1969 9:03
752b95a8-8dda-430a-90f5-5c3cbf2cc9fd;Amelia;4404.98;25.12.1976 3:12
691bf95a-6940-49da-82ad-3246ee3ee350;Glenda;5341.29;29.12.1959 6:12
53ab3e0b-c60b-4295-8c49-5b1af87d0562;Lindie;9477.55;18.03.1982 6:03
f62eaf2a-5bc0-4b76-b4d2-ffafdab08d63;Mahalia;9013.17;17.09.1987 2:09
9eef561a-2f9a-4b30-92e1-ae123c436075;Ayn;8270.59;03.01.1958 7:01
a161f2d4-d018-4ce8-9bad-6a333094d7e9;Veda;3830.98;02.02.1991 2:02
a54c96b0-f4a6-4668-90e0-25906ed185b1;Aeriela;4866.38;26.05.1976 3:05
a927036a-b270-49a6-914f-670f0980b39f;Adore;8874.7;18.09.1980 8:09
edbbb635-fff3-4933-a598-bd000435d47b;Florencia;9729.58;16.05.2016 1:05
e1c8c8fa-2063-47c1-8893-3612a751d790;Cathie;3717.24;06.07.1966 12:07
03a7d7f1-c00a-4cbb-95ed-68a871127d3f;Nicoli;5588.62;02.08.1996 4:08
c72c88aa-5bab-4b87-92a3-5556abdb6232;Corene;6785.55;22.01.2003 5:01
7ccf0f8f-0179-4501-bd5f-d57c8f926c52;Lanna;3974.13;16.01.1951 2:01
ab87ce5d-0d4e-44e1-beee-744193a0c9f9;Cecile;4842.31;26.08.1977 1:08
cec8cdb9-3ce4-44a5-9c5e-f0b215c077e2;Lita;8128.99;12.06.1989 11:06
930512bd-c370-42ee-b41b-b79356c38bfa;Amara;8192.3;18.11.1996 2:11
a34fe0bd-eecc-4b81-9f96-1f5a98a7e848;Wanda;7797.45;22.02.2004 1:02
6af73896-790d-4781-8ad6-73b15e6b511a;Goldie;9578.9;02.05.2019 10:05
8d5e3443-1095-4aca-8415-1dcd79638d65;Livvyy;8425.46;04.01.1955 2:01
b155d252-ac3f-4386-87de-68f8065955c1;Wilma;1930.67;20.10.2017 3:10
8946f485-dc6e-43e7-a83a-7f55d0d236ad;Lauryn;2370.36;13.07.2006 9:07
bcb02383-b94b-40ef-9e3b-55ef0bd27a53;Gertrud;2516.08;29.06.2012 7:06
ec10798a-8888-4cbc-b076-38eb5ee22aaa;Korrie;2738.17;07.01.1986 11:01
7294c76f-b9bb-4626-b66b-8fbeb0b48843;Dulce;2475.92;27.09.1959 9:09
017876c7-9517-41af-b1f8-18f461a1e0a6;Dominga;4746.44;10.03.1978 3:03
50641063-0a4f-4d6d-b2de-2944171487f3;Cassandra;8311.33;28.07.1993 5:07
871bac8c-c2cd-4ad7-8fd0-104269c7914a;Kristan;7972.85;21.10.1984 1:10
b9a16f4f-625b-4eff-8c8c-1411f74bd726;Rosanne;8077.94;30.10.1993 1:10
b529bdaf-83cc-4fa7-8375-582df4bff3d1;Elvira;2777;06.01.1970 5:01
bcb56c10-b1b3-4133-8460-5271c75827ab;Max;3676.08;03.04.1985 4:04
105c2771-59d6-4ece-ae3e-ef85a0a3302c;Jean;8416.54;07.04.1950 10:04
be8de197-7a13-4f83-822d-72ce2dba1027;Elmira;4788.04;29.07.1975 2:07
4dd7e762-320e-4a50-847b-8639c13cdc90;Jerry;9781.36;29.08.1990 6:08
fcf826cd-bc94-43c5-8ebd-9f40e0a1a872;Alyda;6073.44;25.03.2013 5:03
b3ffb9b9-14bc-444f-90b7-650cad4caa3a;Orelia;5494.81;11.04.1950 3:04
546a0426-7779-4e53-9261-c47c564816de;Katharina;8308.5;15.10.1994 5:10
af7209de-fc17-4de2-9e99-302b23168385;Regina;5008.34;26.07.1989 10:07
4d80af95-3a89-4dea-a799-9d0ebfbd247b;Vivia;4868.71;05.05.1982 12:05
30544a42-69b6-4c7f-8956-d98066ee8667;Kara-Lynn;5640.14;20.07.1963 6:07
840735a4-796d-47f4-ad28-04a26f8b5b21;Wilma;5601.12;01.04.1995 11:04
a45da654-0626-4351-b8bd-d1e6e4e7e3e8;Dacia;3036.11;16.07.1980 7:07
34cb54a9-9364-492a-9976-6caefc218ff2;Veda;7737.23;02.05.1974 6:05
c5610431-5d14-4f0b-9237-aeb4937ea2c5;Raina;8199.98;06.08.1975 8:08
6cb9bb6f-a5b9-48b5-8026-2e51a1dc4b3e;Jany;3172.68;29.12.1953 7:12
cadad606-aa2a-4dee-8a57-97f27c9d8763;Lacie;5509.33;21.08.1999 8:08
6d0712e3-eca6-4995-9219-98496c64775b;Britni;5611.36;06.08.1978 1:08
94f59e3f-23fa-4b55-8bb0-c87e0bd615ef;Marnia;6497.3;28.08.1984 7:08
455ba8ae-bc86-4f04-8221-029fa5c7ec4b;Millie;8725.55;28.10.1981 8:10
1dad49ad-dc04-4208-9c54-02c8839dd390;Melanie;6790.26;05.03.1982 1:03
9afe7360-7393-4715-9051-bfe9994f5bf8;Basia;1129.14;06.10.1971 3:10
b4e9d169-8cd3-4cc7-9458-e663c15282d1;Kirbee;3571.06;10.03.2002 12:03
64335ca7-ca87-4466-9a01-933b6ff1068f;Marti;7513.89;29.09.1977 3:09
15c97cf7-1fc6-449e-9fd2-292d3931e605;Aubrie;7575.65;21.07.1959 7:07
048547d7-caf6-4627-a997-4c4b2f568a25;Kayla;2722.6;04.01.1954 3:01
9386dd40-68ce-4496-a929-8551d228d3af;Coral;1689.78;05.07.2008 10:07
4def9f00-b129-4605-aef6-82a47d1bcfbe;Alyssa;5529.2;13.03.1999 7:03
7c46cae8-b649-4dea-8c85-cc4b87d2de67;Anica;3961.15;22.09.1993 5:09
a6c2a821-2d8d-4c44-a49f-61d20ead9ae5;Pollyanna;1070.66;02.12.1992 2:12
257133d6-9a00-4b13-b3ee-955d3da050ac;Inga;2724.32;08.05.1968 3:05
6ccd9344-635c-4154-a045-ef634fb81a14;Shaylyn;3584.94;16.06.1960 2:06
b7669d87-258c-427b-b944-661bac81b756;Lacie;5158.78;22.12.2011 3:12
d0c4ec16-32c7-4604-b7ca-856f80b8a39c;Belinda;2493.26;14.05.2017 7:05
7f81ecd7-e639-4169-bb67-7b0576d56b76;Chandra;6342.68;21.01.2012 8:01
9a6d968d-ff19-4625-89aa-72ac8e8b03ed;Sashenka;2037.53;22.04.1980 11:04
5904bcc7-e816-4751-b825-4506024a8daa;Lacie;2549.3;05.01.1972 8:01
d1e02e55-f519-488f-88b6-950b3c95178d;Amara;4056.16;12.11.1978 1:11
b71d9117-babb-474a-a886-6f03f889f240;Lexine;6374.79;06.08.1959 4:08
2313757e-f942-4a5a-8dab-ef9e73a1cbf9;Kalina;8689.05;18.08.1966 7:08
53dfae02-1ac5-4644-8d49-49d7bb2d80e9;Rosanne;2295.43;14.02.1956 6:02
9457ee2d-6f7e-49f8-85c1-0c1f94e5c13c;Roslyn;2537.44;30.11.1969 12:11
637a8be3-20dc-46df-b9cc-48ec47febf0d;Mady;3957.44;28.08.2016 12:08
f85d0134-c9e4-4d0d-b200-2efc37f9ee06;Genevra;9294.72;18.09.1975 11:09
84951985-e3ba-440d-9525-bdf34345a3b3;Rosaline;1544.03;09.08.1997 6:08
7ae527ec-f96a-4481-b95b-81830a897f6e;Katleen;1959.51;25.12.1965 10:12
95fac203-489d-423d-9915-784ee7457c59;Nadine;3198.01;30.10.1965 12:10
5eb2e445-32fb-48ac-b321-86588e744971;Carolina;8716.77;08.08.1980 1:08
7fb07463-4877-4827-af84-2396645ce41d;Ellette;3576.36;04.08.1966 12:08
cda6aa9f-0122-4efa-a4c0-5b94d38e58c8;Aeriela;8852.23;20.06.2013 3:06
478e14f6-01fc-436d-a8a3-29ac35e4bb79;Rochette;9357.1;12.02.1978 8:02
b98ec344-a2b7-4ae0-b8c8-36640ae5700c;Binny;4677.1;09.05.1977 11:05
13a7b35a-40b7-4ba8-9655-d5bd14a61c7f;Louella;8335.76;11.03.2018 2:03
7d7a8792-6924-4c55-b8c6-7b7004776142;Vita;7702.48;01.12.1993 3:12
d84e7a47-dde5-457f-86b2-9741289a7aaf;Arlena;1110.13;02.09.1951 3:09
ebf1360f-5638-4273-94c6-4357ee29db1f;Eve;9598.4;13.07.1995 2:07
52835759-8111-4d90-9c81-98f6da8e08d2;Louella;1058.31;02.02.1996 7:02
71723131-9f86-44fa-8106-0576d200cc25;Selma;3034.72;06.01.1953 8:01
ccd4a24b-a5ba-4e18-98de-9c2d8df47482;Cherilyn;9089.96;28.11.1963 9:11
33e832bb-cd9b-4bfb-ae64-30f262164e73;Margalo;1596.45;07.04.1993 9:04
2fb2810b-21d6-4f01-9c0a-5905750733ec;Sandie;1011.94;08.12.2003 5:12
531f05af-859e-488c-bf42-34b8bd4b99e9;Pearline;6287.36;26.10.2000 9:10
7dd993ba-99b5-40e4-b97a-625d7c449019;Randa;8986.05;09.02.1955 6:02
dc47f5d1-af4f-4f52-8464-b8eb6ce40799;Cassondra;2416.56;01.11.1964 6:11
76158ecc-fd07-47d6-a0f3-c2a018e62218;Laurene;2726.71;20.09.1970 9:09
1e7f7c01-21fb-467c-aeb7-ad9aad414fa3;Jillayne;8241.3;18.01.2005 3:01
4f65840a-0512-47fc-9e3c-0785ecf6cc14;Tani;3198.95;11.03.1972 8:03
6a01fa83-e574-4c55-9238-04ae423a5d3d;Cecile;8437.04;26.11.1996 8:11
0754f98f-efb7-43b5-acc6-3bcb8b049e53;Janis;1170.19;25.01.2018 10:01
edaee108-909e-4a73-987c-c5c3e76a4b28;Willetta;4990.82;29.08.1997 4:08
744d7bcd-e51a-4130-8dfc-d901c9a50d89;Pearline;4598.77;10.08.1987 5:08
a1d11b42-717d-4ac8-a29f-fd84a4c61c1b;Larine;2843.57;13.11.1955 3:11
5841efaa-93f6-4fcd-aa0b-24f513e9e2a7;Consuela;2881.22;30.01.1959 10:01
8992627f-5b9d-48ba-bf32-8620a64d5ff7;Gerrie;3336.81;11.09.1972 2:09
98c6fa2d-f3c7-4651-b451-21e6636025b7;Mara;6802.51;22.06.1996 12:06
cc297ccd-513d-4fe8-a3ab-aee4edff06c1;Maisey;5527.45;25.01.2019 5:01
82b1ce70-a23c-4d47-ab71-27d01fdc328e;Gilligan;2566.26;07.04.1974 1:04
535a7638-e65d-4fa1-8dd2-2e6436e4963b;Ana;1298.62;13.10.1962 4:10
19b17652-5540-4a83-abf4-5fcb7f5fb6ec;Lucy;7225.5;13.04.1965 4:04
f47cf62e-ee9a-44b1-9521-5a16c6bc54a7;Carly;9644.75;03.10.1953 4:10
b92c0591-fe1e-491d-acbb-34da70179e97;Katuscha;4188.84;29.06.2001 5:06
8a478ba0-ac97-4fba-9b29-2a0d9c3ff0d7;Alie;4343.62;26.07.2007 5:07
e993e734-917b-4622-8681-428ac38d9265;Barbara;2158.8;25.02.2007 9:02
b0336943-78f6-452b-bd46-8bc571386ba8;Barbara;6132.98;11.12.1975 11:12
70f6323f-a303-4553-a605-ade71c936455;Chere;7056.41;03.09.1976 11:09
5796f065-f5fc-4cb4-873c-91d59fbbb7b8;Sarette;9861.3;27.10.1960 2:10
e2726458-b354-4a6f-90a8-446cdca40a3a;Winifred;4437.1;26.05.2016 12:05
18be25b7-c1b1-449a-be5e-4984da338c31;Keelia;9567.87;27.08.2007 12:08
d94638a2-7c41-4ab5-9b0e-4a1b4ab1248e;Tybie;6248;19.08.1980 12:08
481fdec1-74d8-4c30-814f-5f4ac8e1f003;Alisha;9650.71;05.09.1995 9:09
a8f5b4b5-9b92-4862-8104-032979dba4e2;Pierette;4003.98;20.02.1994 4:02
286e089c-9280-4a1e-bea1-c4e546df4f68;Siana;2763.17;01.11.2010 3:11
a6ee13b6-54e2-40c9-949d-17683e79e8ea;Tobe;4043.56;10.05.1976 1:05
69bddd17-99a0-49a2-bcab-72876892f157;Shandie;1074.1;22.04.2012 2:04
6dabd36b-f9bf-4674-9d21-00dcac1d6fe8;Jacquetta;4261.4;30.04.1968 4:04
c825c643-4ed9-485b-8d2e-de79ae84fa30;Maisey;9833.06;03.10.1995 7:10
295b6665-52f9-4f50-9e2f-c2aa719cfe27;Karlee;8384.4;29.06.2010 10:06
061da2f1-06c8-4e99-bb15-23fc6f6446df;Tersina;4091.26;13.08.1958 1:08
c18d74b7-b9ab-4c19-b828-4351ab54350c;Genovera;1088.8;17.03.2000 3:03
71a9df7b-e4cb-4773-b307-e72567414d36;Ira;2037.42;04.04.1976 3:04
e77dd602-0bc6-492d-a512-adcf2eb175c3;Betta;8991.25;04.11.2003 1:11
14e8a588-4121-467c-ad05-583954035021;Paola;6613.88;11.04.1971 3:04
def4fece-bf52-4e35-95ac-d15dadd90c12;Lizzie;3404.95;13.12.1995 8:12
a3caf8b9-3a61-4880-8d61-d2ad47a5a953;Maryellen;2593.2;04.04.1989 2:04
b8182ca6-7072-4568-bf69-b0eaba60df0c;Jan;4737.79;10.11.1985 12:11
82ca7db7-970e-49bc-9944-0db188b621bc;Marika;6813.98;18.10.1955 3:10
15d76203-f286-4478-8394-f617e50a82be;Tera;5357.18;25.02.1987 7:02
66cb1f19-0773-4c67-8f26-796288ca024b;Talya;7652.58;26.09.1957 1:09
300253fb-eadb-4cd0-8d36-cbd5ab17f538;Susette;2995.88;09.06.2014 3:06
1c490343-9ded-4277-aaf0-47db18ad2815;Elvira;8689.38;29.06.1973 5:06
1b28173b-2da8-43e1-804a-c1c7cd8aba05;Joleen;1251.99;27.11.2008 2:11
c0efe592-8efb-4268-b7b2-bbcac7f1c194;Flory;1360.97;13.02.1994 2:02
6cde4d3c-a6a1-4544-9274-4fef6ebcca97;Leona;5860.06;09.07.1973 3:07
ac003302-0110-4dcd-bf12-11137d2dacfb;Amii;6071.79;06.10.1960 11:10
c20cb880-80e0-4a91-9d34-d0ca0407cde0;Aurelie;7882.99;29.04.1970 4:04
5303a068-10a9-4736-9346-5072e0925ef4;Adore;2854.38;14.12.1979 11:12
7f9cd60f-611e-49a1-bcbd-1c79ed13eccd;Melanie;6501.11;14.03.1954 2:03
a3c2c90c-41c3-404e-ada8-3ae36902bca7;Melina;4151.13;22.04.1994 4:04
ebbc5573-9267-46e3-b512-aa49a1deef58;Jessy;7894.42;30.06.1984 10:06
3d9fd6ca-8f1e-41be-8e70-bd60456c9c78;Imojean;8664.96;10.11.2016 11:11
8f0aecb5-b3a7-4f4d-b7be-1db55262fd79;Ida;9298.42;05.12.1983 8:12
ca73e454-9e5c-4c35-83a3-00fb639df122;Evaleen;5137.67;30.11.1966 2:11
3461fa62-c214-4e9e-9ced-0692038e74bd;Jsandye;7656.36;26.10.2003 2:10
7568320f-a737-49a4-964d-50e22a776e70;Ashlee;9060.34;20.01.1960 9:01
5dee271e-1167-41f6-8183-6e874cf462b2;Tobe;5888.78;22.04.1961 10:04
88d902b7-7f1d-4d7c-bd37-ac9d7e93a142;Chere;2686.5;22.05.1990 4:05
5b9804dc-c7d9-4a52-a443-9db8f4359a48;Larine;7480.96;10.04.2016 4:04
eb3c27b6-d427-4256-bb12-18a4b646fc30;Bee;9773.79;31.05.2000 6:05
23699871-7935-4b14-9d20-e8097e101020;Karina;6985.76;27.04.1974 12:04
7c6bfbf3-317b-4dce-a6f6-0a58203fb628;Kristina;8122.04;23.05.1989 4:05
7920aa62-eb9c-4cc8-ae48-574372483b91;Deedee;4633.67;03.09.1964 5:09
76ffd0eb-ff9b-4ee3-86f3-85c1ae66db44;Elbertina;9529.81;22.09.2010 9:09
0a8e525d-7a8f-4c5d-b16c-7f5ee197e94a;Beatriz;5600.35;01.06.1988 10:06
31d9618c-ff6e-4b5d-9ec7-2fdfbdad69e3;Ginnie;8747.08;23.06.1996 9:06
6642836f-5a5e-4c0c-ad57-0764b53d7928;Cristine;8676.65;02.05.1965 11:05
e08d048a-3ea6-4e2b-8a53-d703da9507aa;Imojean;4929.43;18.03.1995 5:03
9cf8541a-9766-4e8a-be4c-4f85779edd85;Dorthy;1366.92;28.01.1955 12:01
2b533e77-d3a4-4fc1-8cdc-f950ae0eb15f;Clementine;1469.43;20.10.1962 10:10
fcd80fa1-d0b7-47fc-a4eb-21b83837f73a;Elbertina;2142.32;01.10.1979 7:10
6c5ddb5f-d794-4a3a-bf20-41395196e7d8;Sean;2575.09;10.06.1967 8:06
47be741d-6041-4bb9-8662-f7831d663718;Nollie;8154.63;05.07.2004 9:07
2f5fe30d-4616-49fc-ae99-d5e1f64f128b;Lilith;5772.81;09.01.2004 7:01
b0bb204d-7c4a-485e-bd33-cdf0319d645d;Tilly;8995.18;18.02.2016 8:02
3dc379c5-00d7-4d08-810d-64e650115f65;Aili;3330.24;24.12.2016 12:12
a8145b0a-e348-4e85-914b-a414d7f02296;Farrah;3655.24;25.09.2014 5:09
dabd1e6a-aa14-424d-b458-d0fa66354fc1;Bibby;3242.12;13.10.1958 8:10
391bb3de-b94b-4ffb-b00b-87f00973d6c1;Minne;2755.8;26.04.1973 4:04
aad7e876-ef87-4beb-9a68-911552f10793;Lacie;8491.21;03.01.1953 12:01
2cd7ab08-a065-4052-ad89-aefc761d10ff;Juliane;2979.03;31.10.1951 4:10
1445fc5c-60c2-4c5c-bf3f-c0ea5c488b0d;Babita;9222.59;28.02.1968 5:02
64becc78-71be-4b09-80b5-e857dc254b36;Alisha;3351.92;17.06.2015 10:06
e8662e74-479f-4cd2-bd71-b3d0649fa4db;Lory;9093.13;22.08.1959 6:08
802f5310-86c5-4326-8405-30cda5894e1f;Ayn;5607.35;20.08.1958 9:08
7af0c063-d3da-4fb8-b4da-2d20d18c97d6;Elora;4723.73;10.08.2009 10:08
82444cb6-8300-4f7f-a6d1-943dc8fe3295;Vevay;1025.34;08.12.2011 11:12
a9a025db-75ac-4d45-8212-b6ec21630763;Celisse;3393.59;14.06.2003 10:06
6a645d3c-3ecb-400a-9a03-0469fdf812c6;Tori;3801.15;16.10.2003 6:10
47036658-17e5-49db-9162-991fb5037a88;Odessa;7926.63;16.02.1994 10:02
4e3d09e5-3cdf-45be-9f1c-178d9bf9f824;Iseabal;5799.74;28.07.1954 1:07
e3d61a47-28a8-41bd-b571-927f843ca938;Micheline;2175.74;07.04.1977 2:04
b5539503-b1c8-44aa-9f32-f52df81c9d1e;Lenna;5412.62;02.07.1996 7:07
40b129fb-59a9-4463-b5f6-d9d889be0748;Jackie;5838.89;07.11.2017 4:11
1305eddb-f623-4986-b492-534a411af417;Elfreda;2262.43;17.09.1976 6:09
82628d75-54f0-4fd4-a14e-7363a5ab169c;Minne;5145.63;13.09.1975 4:09
bed4bbe2-f49e-4223-9c76-628e490c02a8;Ebonee;1396.1;24.12.1975 7:12
37ce6200-2bdb-4aff-924c-147e3325449b;Maisey;9463.98;10.12.1964 12:12
4b1abb74-76a6-45b4-ae3c-48491060579a;Bernardine;4473.93;05.08.1968 2:08
ae73764a-1ae8-4da6-9064-20deeac1caa9;Lexine;1772.25;18.07.1978 6:07
a3f4b8cd-acf8-49fe-befe-9eaad9e87602;Sadie;5249.02;05.06.2008 1:06
e69e5487-e73e-4293-8335-c03b0b4af504;Arabel;2692.16;14.03.1980 7:03
79e4238a-3b66-4759-9f25-59fe95da4364;Tilly;3684.76;13.01.1953 2:01
ab247b07-fee7-4403-808b-6e13696149f8;Nicoli;8164.64;16.03.1962 10:03
af6b73df-d81c-47bd-9eaa-e6246c30c7c4;Brena;3992.39;06.08.2008 11:08
a20b5587-dfbe-418a-8d05-ad0998a4b723;Jillayne;4438.87;07.11.1951 1:11
aface883-54a7-4749-99ee-8fa282f5f7da;Selia;1495.34;27.06.2007 5:06
f5889b9b-5523-42d3-a588-7217c51b8743;Joelly;4099.01;01.01.2008 6:01
0864e506-18a3-475b-94cb-0c848fc08e81;Ana;1081.1;08.08.1957 3:08
76ecbcf3-fb57-47d6-b9cd-2e126cbe9a0c;Orelia;1093.33;20.02.1988 9:02
3b834c1d-c5bb-44d4-bd00-e92ecdf480dd;Catharine;9712.83;19.02.1964 8:02
dbe6833a-88ca-41cf-842b-0e926e26aca1;Nanete;4265.83;15.01.1995 1:01
3b19e5e8-f788-450f-a32b-5c75cc35494e;Kara-Lynn;5475.02;23.02.1965 1:02
4a8f3755-da54-4a02-b70f-1dc19e712fb7;Sybille;3144.78;03.11.1999 10:11
ff731d57-8952-4568-9d81-6e24592fa428;Ginnie;8876.91;22.10.1990 12:10
fcadc5c9-e62f-44a2-a270-467683e7d7a8;Nadine;7672.21;05.01.1958 9:01
b97622d6-42e9-4dbd-a56d-ba61ce314fd0;Ardenia;4632.42;22.06.2006 9:06
04250fd1-bacf-4377-9725-89ed318aad9d;Genovera;6254.37;19.01.2012 6:01
e8be2ddc-0d3b-4a91-bf38-c61aa3666288;Lorie;3628.22;02.01.1970 6:01
8e43a7b0-422a-49c2-b083-00fb38721a34;Jasmina;7767.95;12.04.2018 4:04
8b302c23-5ad6-475b-9a43-819e5e108b5d;Joelly;6314.32;16.09.1951 3:09
cdd2995a-c95d-4250-ba2d-2800104c960b;Valera;4838.6;26.07.1977 4:07
325fb92a-3cdd-4071-ad86-f15cb3aa3422;Emelina;4818.33;21.09.1963 7:09
5b5ddfe2-e32e-4fc1-99c3-fea7cf6a2340;Hyacinthe;5949.79;10.08.1968 7:08
78303f75-978d-4bd8-9255-0f08a3fafdb0;Aryn;8102.29;12.07.2008 6:07
6ee77bd7-23b2-48fb-a7ed-c6e11ac4efcc;Blinni;4739.16;28.06.1973 7:06
a35c21a9-5086-4497-a652-5b3de78cba7e;Althea;6295.51;27.06.1977 4:06
8582c070-a60c-4478-9061-2c174309fc41;Marcy;2538.99;19.08.2016 4:08
8aa76824-2bb4-463f-9884-9412b3901f42;Latisha;5950.72;16.09.1972 3:09
87678b6d-7b58-4ab4-8646-f40e4a706ba2;Eolanda;6869.59;01.03.2008 7:03
0e26f2a3-60ba-4635-982a-c6fda1787cc6;Annabela;2533.94;10.03.1971 2:03
5c4e15b3-0ee5-48c5-8f82-59bb287e76a2;Sallie;5587.7;13.01.1959 5:01
f6b6844c-7ef4-4529-a115-d6fc63675c6a;Giustina;1924.2;06.10.1962 11:10
431a2d40-bca2-4129-a6bd-3a4533afd136;Taffy;8604.72;06.10.2003 12:10
bea0e9c4-310e-4c02-bfb2-23c790594c5c;Ginnie;4261.19;09.07.1972 11:07
003273e2-4a8a-47ce-8505-5b2d593df82b;Madeleine;6196.85;15.02.1993 6:02
694df4b5-f8a4-4d61-9f01-8e3115aed547;Mary;6941.86;13.10.1974 10:10
da7a0575-a5bf-4966-a669-25aa4eff0b86;Raquela;8929.33;02.04.1988 10:04
d695d719-0a66-448e-ac6e-03f98ab55f64;Adore;4866.99;03.06.1978 11:06
4b0d0957-6429-4d71-b0a3-188b771197dd;Bernie;1020.85;28.05.2008 4:05
ed935621-6049-430f-a686-27fcaa4a4951;Ardenia;2786.51;01.06.2006 3:06
6809a329-43f0-495e-8e90-4a734dae0c9d;Ana;8217.23;29.05.1991 6:05
b455f9a1-cf96-453c-8120-1171467d389a;Madalyn;9484.49;09.07.1954 8:07
075ee43d-fe2d-40a8-a89d-9f0b24f71672;Lucille;6603.64;23.08.2013 5:08
946c805b-bf31-4b50-8009-4e810c5b3911;Talya;4309.76;09.02.1950 8:02
e50a582a-a86e-46e1-9689-797a50b592c8;Corly;1985.13;05.04.1951 3:04
fabe21be-b92d-4232-822a-daad8ef7264b;Cathie;4979.08;12.03.1978 6:03
3deec314-85b0-4efa-9d99-8eff91240e95;Valeda;4629.52;05.03.1959 6:03
ab685ddc-0dca-4c8b-b410-a6419010acfa;Codie;6045.62;16.07.2005 12:07
126f228b-5bf5-4718-bf4b-1990d8512c18;Catrina;1565.21;13.01.1973 10:01
f03c3ba5-b1d8-4f20-9684-d0134c54354d;Cassandra;3912.62;30.06.1976 9:06
540729ea-c6c1-4b7b-8a57-4a4e9653f7db;Melanie;8507.42;06.03.1981 9:03
d8bbf5ab-9906-402a-8daf-db3113043848;Brooks;9724.3;26.03.1955 9:03
1300fbec-87ce-48cf-9a2f-00ca0d3b30df;Cindelyn;5458.91;12.01.2003 8:01
20bbde59-ab53-47c2-9f36-0f749d95d0ee;Glynnis;9623.61;10.09.1982 11:09
9a8b2148-5742-4e95-8017-22a868b74930;Dawn;2447.28;28.10.1968 3:10
ffe2fbc3-da05-4efb-a293-5475cf09d83e;Myrtice;5285.44;05.12.1984 12:12
2c5b4c61-3eee-40d7-952a-337f18f34d47;Sandie;1828.9;30.09.1993 5:09
145880b6-d759-40d7-8a4b-4fc07ff1cb3c;Joleen;1679.99;22.02.1981 1:02
362fd6b3-5631-443d-b06f-748c4dc15552;Lilith;5554.24;18.03.1951 4:03
a3773b73-1bba-45a8-ade3-c1aaa2e8193c;Linet;9033.8;28.05.1955 9:05
3f85d2e1-01fb-4719-820f-ee94017ba7a5;Jacenta;6573.04;22.10.1970 4:10
3b4b2afe-8755-45d7-a04e-7c8c678fc0a1;Belva;9994.25;22.06.1998 3:06
e79a7f0d-449c-4641-a18a-dff10c5004c5;Aigneis;2352.46;24.01.1987 5:01
95fd8487-8790-4c48-a6a2-8865f99c8299;Arabel;4279.47;05.03.1972 6:03
df00e189-ceb3-4584-a863-95df25751862;Tani;8989.84;28.09.1990 6:09
1d38c8b3-0e2e-4d9f-b0fc-3b5ca073c0ca;Catrina;3186.21;23.11.1989 10:11
ea3f4094-dc0b-4941-9763-96c95e400126;Abbie;3718.53;17.01.1958 5:01
224ff32a-c578-46da-bc67-8c6e5b5f8b91;Tonia;7546.75;20.01.2012 8:01
adf180a2-7db1-4afb-bd50-8f48e5dcdce5;Arabel;3070.68;09.03.1997 4:03
390161c7-22a8-458e-9bfd-0255a8edbcbe;Ardeen;7938.91;18.07.2002 1:07
466f6a57-f4c3-402b-9157-1cf29699ffa4;Hettie;9361.35;06.04.2007 9:04
60be900a-c825-452b-83c9-6f557bf3b36c;Trudie;8571.8;08.04.1993 9:04
1f4aecb0-b2df-44cd-b6e8-f894d082320c;Kylynn;7944.95;20.03.2017 4:03
96d9872c-6e31-452d-9991-fe7b720d4ced;Allis;9473.46;30.07.1982 11:07
bb6a6c31-c2d0-44fb-9001-79d82949b04a;Deane;9878.57;21.09.1984 10:09
06e67e44-ef67-4185-8ef2-432014658a8f;Ingrid;5446.2;24.07.1964 1:07
d8fd00f2-a109-41e8-b81a-708a3d198c7b;Cherilyn;9956.36;19.11.1993 4:11
d4faec6f-c146-4cc9-83f9-ebc630fbd7d7;Harmonia;7289.59;19.01.1960 8:01
f6deaaa1-d193-4784-8684-dd680d099a75;Charmaine;3158.69;07.12.1984 7:12
b0f89b2f-2291-4a4a-a14d-aa862ede8bbb;Codie;2797.04;09.01.2014 12:01
1354769c-7835-489f-941f-97a8862d5325;Kittie;4374.77;28.02.2007 10:02
16838e8b-baa6-4b02-ae36-16584493b7e3;Edee;4045.42;21.06.1958 6:06
c8ea2c28-9dc0-48d9-8433-ad4cc1765087;Corry;4916.96;22.03.1965 6:03
fe0ec4fe-a038-4e67-ba41-28477a236082;Beth;3578.45;26.04.1968 12:04
cdef93ea-53b4-4e1c-843e-c94ae2953fd0;Chere;9925.44;15.03.1967 2:03
d0fa1294-33ce-4e25-8995-b110df157b94;Gisela;9386.13;28.04.1950 2:04
0c13e1c0-8a82-428c-99b7-d4103a22ea37;Judy;2440.33;10.05.1969 10:05
08380779-ea91-4d29-a930-a70110f6ea76;Fernande;8604.77;10.02.2006 7:02
8c778deb-b728-4263-b7d7-9db022e4e47a;Jessy;6623.04;29.12.1975 6:12
f5e58bc2-4254-4381-90c0-986b8b60385a;Moyna;6227.41;11.10.1981 9:10
52e5c570-03e6-43b1-8f6b-7f679eeba537;Nollie;1511.59;03.05.2013 11:05
41fe534a-32e0-49ae-bae6-9b2ddca9f304;Selma;8053.81;09.08.1972 11:08
ca6dea3a-2131-45ca-a9c1-1912b1a1b308;Aryn;5972;13.03.1973 2:03
4ceff059-82ed-4c61-b8a7-332607cc0af2;Lila;3682.61;18.10.2016 10:10
3f5d2829-d7ee-432a-86ae-90c2e619e0b0;Kittie;8901.07;16.04.1981 2:04
c1e49125-2603-4422-ae8e-3c815ac0a3fa;Joceline;9466.7;05.12.1992 1:12
c79d5156-8304-4a39-a99d-0c4b79a94615;Judy;3581;27.12.2002 2:12
6c20889c-14b9-4ca7-b1c2-6fd7df2bab0b;Asia;7469.23;04.02.1966 1:02
2fe8ebc2-2b25-4e99-8adc-6512cdb2fcfd;Marti;2600.28;11.03.1994 12:03
2aad165b-5dd7-42ce-9d63-377813c1be0e;Marnia;1472.15;13.03.1967 8:03
002ba18a-492a-4824-8706-dbcc841fc1c2;Harrietta;5968.94;30.04.1990 12:04
b1cee5a8-c0a4-452b-bc67-f21d3eec8624;Talya;8300.4;04.12.1956 11:12
fd315d36-96c9-4e4b-b24d-971e1e4d1418;Millie;3787.98;10.07.1984 4:07
49ee0a04-cad9-48c8-9b49-797d80a14046;Ida;8665.21;18.02.1969 12:02
292b7aea-d938-4d88-b8d0-ae192efe753c;Lisette;8638.79;04.07.2010 1:07
09a5e466-265c-4393-b4b7-0ff33c0ff20b;Delilah;4758.57;22.03.1990 1:03
0b389f6b-9e90-4797-8e1f-a55aa2366559;Eugine;5693.2;12.08.1963 12:08
6b901d82-6918-4616-b696-2abbc026c966;Claresta;9272.85;24.12.1966 8:12
09d6f88d-8ca5-4264-a21d-5170296720c7;Rochette;2550.1;15.09.1972 3:09
8a7a8b0c-fdec-42e1-af50-ed2cb374e8b4;Selia;8295.81;14.02.1958 4:02
54364a2f-fba7-4fe5-97e5-692b1df7e3d1;Joy;5128.6;31.05.1957 2:05
89c0bd80-593e-471e-909c-93d18d22b3d8;Corene;2237.06;17.06.1956 12:06
4c1ed132-9895-45a0-802c-19c090b88692;Hollie;7986.62;26.01.2009 9:01
c42f2017-0cdc-4747-8935-a7d10e442646;Althea;4573.44;08.09.1987 3:09
0cef93fe-05bc-4f96-a6bf-d96a29b55c02;Gerianna;5332.41;30.03.1974 11:03
0dbeae6e-d362-4a3d-a0de-05042f605771;Marnia;5606.59;16.03.1982 12:03
daed32bc-7c27-46e4-8003-b636fa28b853;Gui;4275.68;19.04.2013 1:04
0c1e107f-fd48-4f4a-a8ce-5b7df6198134;Inga;5442.26;23.05.1977 1:05
a4d5796c-c9d5-4bd4-b3ab-3de08b1534a7;Courtnay;6724.39;16.07.1976 12:07
6b285724-9639-459c-b68c-14372d0625f4;Darlleen;5559.31;29.03.1984 11:03
116561fc-3072-43b8-9401-fac8924d4ad8;Ottilie;2348.9;13.04.2002 6:04
a20639c9-1986-43e8-aeef-c230d8e69563;Valli;6496.59;03.08.2014 10:08
a772a81e-a68e-4a0c-bf40-2890795bfd3b;Bobinette;8097.66;08.05.1977 12:05
698dcdd5-3f6d-44cb-9563-a54929a7eda3;Cassondra;1415.27;24.07.1978 9:07
716dc588-bb09-447b-a416-9f61d44b462f;Lauryn;1594.27;02.04.1969 3:04
311543a5-3c79-4409-8235-cf0f05e53494;Corene;9660.87;16.03.1972 10:03
014702b1-20ee-486b-a98f-8b306f7bff5b;Zsa Zsa;7316.56;27.01.1967 7:01
5f7c58ff-ae0e-4012-a2ac-82606cfc3507;Gretal;5758.82;27.10.1956 11:10
2605f883-91e9-4bb1-a5b8-0b680ee8cee7;Kirbee;6172.51;13.04.2002 10:04
a621cb22-8695-4bca-b245-7051a3e92569;Rosabelle;9384.92;15.02.2015 1:02
afe9aaf7-9cbc-47e2-ad7e-6bc666164d9a;Annecorinne;5029.51;20.08.1963 6:08
d40360c7-ec98-4316-95f0-11aa4b3de993;Violet;1161.38;03.03.2012 6:03
058e945d-4a17-4994-9edc-6cdf9e994593;Nannie;2308.58;22.01.1969 4:01
6323956f-722c-43df-86ac-f8882e3f648a;Helena;7238.64;25.09.1961 1:09
020455e6-fe47-4dc0-89fe-228749569c6d;Regina;7467.6;16.04.1993 2:04
982a118c-89da-4601-b0d2-ba1cd843b252;Ginnie;5422.02;10.09.1978 9:09
30b74d1e-89a8-4e4d-9b83-d91da74a8aee;Pollyanna;4230.06;21.05.2015 11:05
fdf04f59-e446-4500-b406-39fb8e81ed02;Jennica;3725.17;16.09.2005 11:09
57242933-7f9d-4925-85c3-53cf441687bd;Pamella;5209.22;21.01.2016 4:01
ed681207-cfed-4872-957e-892766f571e0;Joy;2024.89;06.07.2014 7:07
2ed7178d-6123-47b3-aaf5-980f4e00d720;Judy;7738.45;18.10.1978 8:10
8b509e0d-39bb-4a3b-a357-05ff6e1bf00f;Hyacinthe;3452.87;15.08.1994 9:08
78c6e546-c4fe-4299-9974-67968a48cba3;Georgina;6627.87;29.08.2015 1:08
cd37c291-992a-4c47-b0db-1fe2ea6cbb35;Emelina;1496.46;25.06.1990 1:06
e1b56826-e5a9-4e36-bf61-57195618d7ce;Gertrud;4087.64;01.01.1997 4:01
34fb31f5-5ddd-4fdd-80e0-5bdab8496bad;Raina;3751.15;17.10.2016 3:10
c3ae1f8c-93f5-44cf-aaae-6c1244d2efe6;Meriel;3945.99;23.05.1956 11:05
aea609a7-6b86-4eb8-b7a3-625f828ecf45;Minne;6967.71;09.08.1956 1:08
f762cca7-4782-4280-b975-f80e285f0f4a;Danny;1012.38;31.12.1957 6:12
6ba497f9-9289-4b4e-baac-f588517c6d44;Vanessa;4437.09;06.12.1997 6:12
3ef5a9dc-61b7-4cf1-8388-d7a57d1e2535;Loree;9280.17;09.01.2000 9:01
cdc77a19-5983-4bff-a425-69485d794579;Janey;3120.89;10.06.2017 11:06
62d84134-74b4-4bf6-82d2-235a3c948dfe;Chere;2494.76;20.09.1970 11:09
83ee0abd-1053-4efe-839b-297d1da3a6aa;Kayla;8421.4;23.04.1974 3:04
782df952-6ec7-4143-b753-6659b861d02f;Dagmar;8380.54;16.12.1992 8:12
49f69c8a-a5f8-4ef6-a1bd-40928079db38;Joelly;2701.35;01.12.1982 1:12
eeb01b14-ebc0-461c-8dad-b75bacbf7a1e;Lulita;2599.42;30.05.1969 4:05
b687365e-e09e-4144-a790-a373170c19cd;Etta;7777.08;10.03.1959 8:03
38cfb6fa-ea2d-4ea5-b594-b15d5d890cdf;Lanae;9738.59;14.05.1968 10:05
e5150d52-1da7-4b40-b06f-97bc7cfaa081;Phylis;1806.28;19.09.1996 8:09
b460038b-f8a8-4a79-a45a-7dd425b09728;Leanna;2868.69;13.02.2000 1:02
07198b8a-e742-46e9-8f7d-3b7a7a6110ca;Ruthe;7664.38;09.01.1971 9:01
c9a3782e-bb5d-4b68-b43c-ef1aae8319ec;Ashlee;5724.65;13.10.1995 2:10
98fe76c8-ff43-4f0b-8d56-7cf3e708b9fb;Annora;1292.68;26.12.1959 6:12
6b46c70c-0323-4b9c-80a7-f4e84d2908d7;Nikki;9380.82;02.01.1980 3:01
47d9bb0b-dee4-4679-a5f3-76a8e02a37b7;Augustine;4187.52;15.03.2015 2:03
190726f3-56be-45c5-9bc0-3fad10e6a049;Tonia;6417.63;05.05.2017 3:05
2ba75a97-b962-425a-adad-b75d8a733674;Aili;7326.45;30.11.2015 5:11
c06173ee-c0eb-41b0-8d9f-443d93a24117;Daryl;2477.18;10.06.2008 6:06
723a6181-0cc7-4612-b66d-1d4f0e02ee36;Jaime;5782.3;03.01.1951 9:01
8eeee82a-dbb6-4c59-8c16-778fe93bdff1;Roseline;7343.36;02.11.1962 7:11
14229c81-2bbe-4f95-97d6-f742096150ee;Gertrud;3997.34;03.10.1965 9:10
a9ce8e28-9861-4000-a74a-ee30aba5482a;Flo;1738.9;02.05.1957 8:05
71ed0b1b-ea25-4814-99c4-fc11dbad872c;Farrah;8179;04.10.1952 9:10
98b1c9cf-b94b-423b-ac46-dcf74b19ab68;Jemie;9179.49;18.07.1958 7:07
3441d5e6-8036-465f-bc3f-026029af91bc;Tori;1447.82;05.05.1990 6:05
ff962d1a-eafb-4a53-b078-7dbfabd01510;Marnia;7029.89;18.12.1993 9:12
6a5daad8-361f-4ffd-8e6e-84f09a60200b;Ilse;9018.36;28.01.1950 12:01
5c526c91-0d6c-46d2-bfa7-6b8e7b28483b;Marti;7824.58;11.08.1983 6:08
56090db1-ad72-4f0d-9e33-65539a0d68d6;Calla;6223.8;06.04.1972 8:04
7ee7d367-3e05-4747-9920-3a495e3a0bf0;Yolane;3071.62;08.01.2005 8:01
d92f18e2-21ab-4400-a8d7-c4a8b5ade336;Annecorinne;9016.63;05.09.1967 9:09
bd6fa921-f5b3-4eed-b041-f99ca6b85756;Gabi;4651.95;13.04.1981 3:04
53edb5fb-77c6-4eb9-b7fc-7c060bd84f74;Norine;5049.62;19.07.1975 8:07
cb45bc3a-17b9-432c-904e-8e8dd5b00fe2;Ilse;6486.45;12.03.1958 2:03
7fa58c7c-c060-4868-9dc6-4a48be23cdba;Dale;5588.58;16.03.1956 2:03
bae162f2-b203-463f-ab4d-e50a1b43b3be;Hallie;8430.31;12.03.1951 12:03
c09355ed-ca8c-4ec5-9f26-53db5bda408c;Cissiee;4826.93;01.03.2006 12:03
057e157c-cb6c-476d-8e6f-917322fcff85;Ardeen;8051.04;02.06.1962 7:06
0de4faae-36e0-4c83-9e71-bee93fa4ddb2;Valeda;9097.28;14.04.2010 3:04
44f6490e-d543-4ef6-8a1d-30bcc4c90ce7;Di;6884.8;04.07.1993 8:07
88a68abd-7a08-441a-9249-ba9401e8e395;Nonnah;8804.86;04.12.1982 12:12
2ff9b933-84ce-4dcb-8999-4c41155480e8;June;6353.78;30.03.1951 2:03
ca6278fe-21a6-44c5-bf13-d532571bdab4;Marti;6826.5;27.11.1994 4:11
f5ceb94f-cbbb-47d4-9920-d5a7eb126175;Paule;9584.71;28.04.1999 11:04
541edb75-43f0-4743-a090-a688c49a8e74;Heida;4838.87;20.08.2014 3:08
c3d9bf7f-1914-479c-91a2-fc1b4ddb1c8f;Ira;9757.28;19.02.1957 4:02
6df04855-c203-4bcd-9d28-a141e8219d23;Demetris;4107.78;15.11.1999 6:11
2ec7cc9d-4eba-4bfa-9369-601b08611b58;Quintina;7749.98;12.09.2015 12:09
6055ed84-f8b1-4ec0-bd1b-cba735e605ed;Phylis;4149.26;18.06.1962 3:06
00b4b64d-021a-423b-b303-9b8b5cc39df1;Natka;5479.79;14.08.2014 10:08
9c6e4974-c1e8-4b4b-8f97-f1a760f3876e;Fredericka;3071.86;27.07.1992 11:07
c8be845c-b269-4009-bdbf-39c89c2d4abf;Olivette;4826.39;11.11.1953 11:11
633e7383-3d55-4899-bcd2-6f7baa758631;Beatriz;9260.2;29.07.1972 3:07
31ab4ab8-e628-4266-9889-beda01de67f1;Minne;8781.72;19.06.1980 1:06
80a8d2a1-d51f-4147-ada6-dc63cb58168b;Gusella;8693.56;24.11.1981 2:11
6bb1553a-5650-422d-8b04-25c62dc183c4;Dorene;7462.16;21.01.1986 8:01
5e2996f7-a3f1-4800-b07a-fb11a10b1be3;Di;2241.34;02.10.1951 5:10
27749444-17a4-4cd8-b215-9e62beb9b953;Netty;6077.58;19.03.1980 2:03
20915c3b-30ca-4dd4-9d84-3fcb7291bd8e;Meg;3335.64;09.03.2002 10:03
e95f3eb9-202c-4de0-85b2-6b1f7d0dadb1;Ermengarde;2947.24;29.09.1958 9:09
9b9ec35a-aed3-4862-86f4-784d359d02c0;Petronia;6447;10.05.1992 11:05
a86edfa3-99a3-45a4-a5f4-0b7a5711a08d;Calla;5524.48;27.11.1998 8:11
ec10d8e4-1cb4-4ce0-a45f-c8a767d9318c;Christy;4946.7;07.09.1966 7:09
24e687bb-f23e-4cf3-9f00-4e0eeb61e9c6;Halette;8179.29;15.06.2016 2:06
5f7b2e36-ef9a-4350-a8e7-b5b0c3a80fca;Genovera;7320.71;21.12.1980 12:12
cd1ac9e9-a959-4cbd-b1f2-648934ba925f;Fawne;5795.17;08.07.1952 8:07
1ee32f5a-159e-4da0-a63e-7f8b62a34800;Teddie;3735.52;01.04.1985 2:04
147eec8a-edee-49e9-b932-81605bb7deb8;Pollyanna;2949.15;06.12.1995 2:12
1fd9861b-4d7d-453d-beff-4d396e728a42;Oralee;2251.15;25.07.1966 1:07
ecb07cc5-7a2d-4ec5-b622-a9d3f6a0ab58;Allis;5606.48;08.05.1985 11:05
14176ad6-f8ee-4e83-bec3-6a36e2295a13;Liana;1989.56;16.09.1998 8:09
87330520-5e57-4afb-aaaf-f64352998f37;Belva;3945.87;23.11.1952 8:11
6d564742-1e4c-40d1-90d2-6b1107b3f20a;Therine;5969.24;08.12.1963 10:12
ab1bd7c5-4428-46bc-aa24-9530ea19be0a;Abbie;6724.11;22.01.1973 11:01
237db5ff-d9f1-4767-aa3b-4c4f872ac37d;Arabel;6253.31;24.07.2003 6:07
9fde1775-f497-4508-aec6-5195c093351b;Ketti;7913;16.09.1953 4:09
87b55a72-a280-4578-93ca-8b0757a748b1;Leanna;9321.05;10.04.1954 3:04
931aab91-5fcd-4996-b01a-0e38d94bdc53;Cyndie;6362.17;23.07.1984 8:07
f022244b-c8bb-48b2-b206-436e704580a9;Bettine;5632.12;22.10.1986 3:10
84186c97-ab74-4de1-bf5c-5af1395e658a;Grier;4082.92;01.05.2015 10:05
56580707-4249-4f26-a08b-d86cc71709fe;Britni;9835.87;18.08.1960 1:08
00c0d06a-13f0-40a6-95e0-d578da6d2afa;Zsa Zsa;1741.13;17.08.1955 11:08
28aa4dca-604a-43ef-924b-b58c8e4735e5;Malina;4946.95;09.09.2009 12:09
52222e4c-d804-42cc-b99d-c0e7d0107d56;Jsandye;6668.44;18.08.1971 6:08
d593b2b0-5c9f-40e6-a24e-8a2ced5903eb;Trudie;6623.86;17.07.1993 1:07
e5af632d-4706-4b5d-beee-6f62f5dcfd34;Lory;3553.41;25.10.1993 11:10
9403f61d-a37c-4875-bd4b-ccd0ff6698d3;Cristabel;6723.55;03.05.2004 9:05
7d9f848f-28b7-4579-a4ef-87f6636ab043;Mignon;4750.23;20.06.1950 9:06
a0b80303-0089-4bdf-b072-7dd1b0b5f479;Joceline;4479.96;29.05.1986 8:05
6cec769a-5218-4e92-a936-2f7b2f414990;Jorry;3922.58;02.10.1973 1:10
23969fec-af88-40c1-a0cc-71557d0b326c;Jaclyn;9799.51;11.08.1985 1:08
0addb968-64c0-4e08-82ca-40b2c8c39a24;Layla;7027;02.12.1957 1:12
e4172d30-3171-405f-a540-c81f584c14f3;Orelia;9381.43;24.04.1965 5:04
e4525653-d9c6-41d9-80b2-922a98da4bdc;Mady;1083.08;08.05.1997 2:05
5f93036d-2c80-4e5e-a03b-44f1fc830e17;Tilly;6306.05;17.11.2000 4:11
162e4440-5d34-4700-80ea-6b3a0ffb91b5;Paule;5036.95;27.12.1972 1:12
d276cc02-ebea-4687-b8d5-ce1698920cb2;Tressa;4071.44;23.01.1971 3:01
52d7fb76-791a-44da-9f4a-409b274b2e7a;Corina;5789.26;27.06.2014 10:06
6f2315cf-2207-43d1-96b8-2f499e4bc7c9;Sallie;4971.71;13.07.1989 2:07
5b55aecf-818f-4a71-a555-7fc7f76900f4;Jere;3192.82;25.10.2002 3:10
a370d100-0548-4ae6-880a-ff1e3ae9f2e4;Frieda;1309.62;13.02.2012 1:02
59651fb0-60ba-42e1-8e42-e5258a1f260e;Korrie;6796.59;17.06.1980 8:06
82580fbe-0a1d-4c39-a47f-1631488755db;Kamilah;5724.74;25.06.2003 8:06
41d848d5-1150-4e48-88e4-22b011a13d37;Micheline;1367.92;27.05.2011 2:05
6e29a61e-48c0-4316-9e04-0aab6d6ba38a;Celestyna;1258.51;04.04.1984 4:04
fadda70b-ae58-4932-928e-9484b7825780;Melisent;1416.9;12.12.1984 6:12
29f00f9e-7d2f-43dc-8627-a14fb30db65a;Lily;4707.22;14.08.2011 3:08
0ba2c3be-d1bd-42a9-9000-3f2851f94085;Clementine;9737.93;24.11.1983 8:11
df9968ce-68be-43f1-bd90-0e68d57252d9;Sophia;2338.27;11.02.1950 5:02
53f3260f-80cf-4b34-8073-37c1ae524212;Emmey;3023.05;04.02.1953 3:02
4d710e6a-e52c-4ebe-bf45-4917983364bb;Stephanie;9340.77;24.05.1976 6:05
e82fbc7b-6cc9-42a2-833e-16e3b8926d33;Brana;8572.77;24.01.1966 7:01
f964eb45-2f95-4cb6-9726-be6e73b20b6a;Yvonne;3249.87;07.04.1962 6:04
295cab00-8f11-4c84-843c-2868abe022b2;Trixi;2648.5;25.03.1985 7:03
992c6aae-561c-4697-a495-88dc6e9d76a7;Sindee;1697.09;24.02.1990 7:02
04f11670-951d-40d6-90fc-dd8f0fe70678;Marcy;2366.54;16.08.1986 1:08
8437e45f-33f4-475f-906a-06716768ab5e;Sissy;8565.56;14.06.1954 9:06
306f4d39-d880-4236-8d4c-34185de93204;Vinita;2937.3;16.01.1962 2:01
f689cfe5-b424-4ca0-81db-7ad6d71c666c;Rebeca;4064.88;16.11.2003 8:11
8c88711e-1068-4869-a484-f498b752a605;Janenna;5668.9;08.05.1986 7:05
6680101a-bfa3-42eb-bc29-71441b7d1b47;Betta;1207.48;23.05.1996 10:05
7ab41984-208d-4dbe-9beb-0065ede379ce;Margette;3496.42;08.01.1992 4:01
d85628f5-662d-4c4d-866d-425fc28b3257;Aeriela;4106.05;23.12.1964 12:12
82c9fbce-020b-459b-8d85-4ca9cd786a9b;Willetta;5843.65;25.04.1967 12:04
484dcc04-db1a-4299-a470-399d022fc320;Joeann;2208.26;04.04.1966 10:04
fbb39ccd-3352-4dea-aa15-2b4b8f8b2ebd;Collen;8026.46;29.07.1970 9:07
87402855-d6ba-4fb2-83f5-7ebf8399bcd7;Hettie;6327.32;04.08.1981 6:08
66c32d56-0147-47c1-9ce6-739741d7efb5;Jillayne;4879.82;07.05.2019 8:05
fa4cae0a-5f60-4c3e-8e2e-a774787b9595;Deane;9041.23;08.05.2011 12:05
f4c96e86-ecf3-45f4-91eb-d9a2fa22f8ad;Jennica;8603.35;21.11.2002 3:11
e1604320-8a1f-4ad1-bf76-0118afd50039;Sybille;4160.61;21.03.1994 12:03
c392c4da-1c30-476c-aff3-ca3a147a0afd;Antonietta;1225.77;04.09.1959 11:09
260f9b11-734c-4a6a-a3cf-d4c5d38696be;Allyce;7274.57;06.02.1973 1:02
fb5fe9bf-fe64-45b3-85ce-87d9b9d5845f;Kial;1326.04;06.03.1966 4:03
52e84073-a82e-490d-a220-26983729622c;Alex;4274.42;14.10.2010 7:10
72181c27-461c-4168-b262-981cf19fc80a;Grier;4550.47;26.11.1961 2:11
0e58e73d-6c2e-4068-a76c-699a083273c2;Addia;2666.4;13.09.1954 10:09
f9f7c1c3-7b28-47ac-877c-9fa3143bbb6f;Harmonia;5063.26;03.06.1970 10:06
59b4af23-d485-4df1-acc4-0eed15fbbff0;Randa;9516.94;26.11.2006 4:11
daecf9e9-7015-44f0-8c45-4f3f0d3d147d;Ardys;3301.61;22.09.1974 7:09
066cc178-6f43-40c7-a981-24c51b6dfb77;Gabriellia;3263.2;29.03.1991 11:03
8ba94cb3-7465-473c-906e-dd81a4f38e3c;Renae;9010.58;23.10.1991 4:10
76e82764-f2ca-4b8f-829d-8257a6984d2b;Gwenneth;4664.43;20.03.1968 10:03
2ec0614a-9d63-4ae9-b373-1a1b1c7b2141;Sibella;4512.12;26.11.1980 1:11
d274204f-bd7f-43fa-bac8-d87bb541e31a;Gisela;7010.2;08.07.1956 10:07
ebf0d7ad-1393-4dac-9c33-5e164c2a6640;Merci;5606.65;15.07.1992 12:07
8f3299bc-2e61-444b-b96e-388b05d66133;Molli;6827.99;10.10.1965 10:10
fcd10e49-7908-43c6-b6ad-6bfa30ceb166;Viki;6543.81;12.05.1985 12:05
f3e723b3-c150-4af5-97f5-39cdda9328f2;Sheelagh;6468.3;16.05.1962 3:05
de619776-050a-431c-a40f-a2109ac4821e;Ariela;7356.79;15.09.1963 9:09
c14ecc00-a429-45e8-82d4-a8367b525d39;Gwenneth;1283.6;26.11.1961 4:11
63f53305-5603-4656-b540-c57c4de8c0d9;Ilse;1080.89;04.08.1957 11:08
90bff4d5-c1ec-4ff1-b7b4-8858d3e23200;Jordan;7963.18;24.09.1972 7:09
2f70ab40-dd2e-4516-a7ef-b4b6a48ee189;Tybie;6891.84;01.06.2017 12:06
b014fd6d-497a-42c9-a6c9-7155e437a2d8;Aryn;2486.74;04.10.2006 7:10
8ef1266a-d6ba-4d77-9d7d-298647ed246f;Jaime;7051.87;12.02.1997 5:02
07a9e35e-8b2f-42b4-8d8e-31dd8878b45d;Kimberley;2714.24;26.05.2011 1:05
9726dd43-8d2c-48f2-83e5-f527339c7dd3;Diena;3092.06;27.12.1986 8:12
8765489f-d2a5-40c5-9e50-6b40fdaa8e36;Millie;7848.3;30.01.1960 10:01
e96ab78d-7755-4159-a40e-807e6835dc5e;Pamella;3627.15;24.05.2015 5:05
216254dc-165c-414a-8c76-c6622d34ea98;Stacey;5007.3;02.08.1965 6:08
31efd79b-248f-49c7-a571-a6e3ee7caa91;Tori;5880.14;30.11.2013 2:11
d59598c1-129e-4bb4-a138-4d3d1b71eee6;Maurene;5762.79;06.10.1957 9:10
a91a585d-f3d2-4b96-9d49-85a1517df9a8;Nita;3376.24;07.07.1998 5:07
0078b059-ffb8-46f9-9dd2-bb15f4895e5d;Catharine;8116.23;11.11.2012 7:11
7e8adff5-fc58-4b8d-8f3b-0d01ee3cf9ee;Suzette;3871.4;01.11.1954 8:11
665ab068-51bb-4c90-87ea-2faf77e8a459;Minda;8057;08.07.2009 5:07
ad064769-75f6-4a25-8018-b58fcf0b07bd;Fidelia;5411.26;10.09.2005 3:09
5c94d997-2de3-432e-94be-58fa20e60901;Julieta;4403.59;12.02.2005 4:02
4105b12c-5fa0-47db-95cc-7fcd3e0acfd3;Nerta;5189.53;09.01.2013 6:01
3fdbbef9-62ba-4e37-a3c4-f00d35a2114f;Lory;1895.42;24.11.2017 4:11
26931454-6074-4ecb-921e-7a922d4ad91d;Sophia;4371.36;09.01.1973 3:01
7db78328-9d8f-49cb-9ef5-eb74a708cfda;Genevra;6936.38;06.12.1999 12:12
766a61c3-c7d4-479d-b09d-60e51d305503;Jordan;6768.92;25.04.1985 12:04
95806f46-9691-48a8-b31f-85bcf2fe2573;Caressa;1192.34;18.06.1999 1:06
0bb28eca-b2e7-4e8b-a711-b61d4bb4b8f5;Keelia;7392.21;12.11.1995 2:11
b71a9f41-4ed0-4c60-86e4-3739ab016106;Amelia;4366.79;14.11.2008 2:11
15b3ef1b-4daa-4ebf-8521-57e7594048be;Cristine;3648.61;26.03.1966 10:03
fa1b5cb7-d727-49d1-9ec4-69ddc246663c;Tamqrah;4033.12;25.11.1979 12:11
930e0efe-4002-499b-99e1-c0b1190faf3a;Christy;9631.93;30.01.2010 12:01
35f66457-a000-4109-9a74-ff37d125c25d;Babita;2718.84;16.04.1957 3:04
97470d60-69ee-4590-bf1b-d0eacbf9fc24;Heida;9217.18;19.05.1987 10:05
622211fe-9e52-4e50-8268-fafadc540d23;Lanna;6935.43;19.10.1956 3:10
e2f42197-c3b4-4d0d-a53a-7b377174574e;Ardys;9336.77;15.07.1963 3:07
71480bc3-468c-4604-8000-ebf1fbb07277;Berta;1897.79;30.06.1990 5:06
71882e47-1231-4517-9595-ce612a911efe;Morganica;9163.36;02.01.1966 7:01
b32b8e81-486a-4b91-8ec0-305b77268df6;Karena;5782.33;16.05.1957 2:05
8bed2751-93a9-4a4c-a8a6-0bd18be4226c;Violet;4117.76;03.04.1951 9:04
873d4be0-c9d0-46a7-af55-90b27f7fa2ec;Gerianna;7785.23;29.07.1995 11:07
df843e4d-6ce3-44be-94ac-0378a4039347;Lauryn;7516.24;02.02.1987 9:02
8aa66b47-e09f-4e60-af10-b33a60546204;Lorenza;5269.44;16.05.1999 2:05
0e1c5847-5c7d-428a-a87d-3d37fcd69aff;Peri;3743.25;01.09.2007 11:09
a5e6efc1-ba17-48a6-9cf5-50dae51ed1ba;Carol-Jean;7694.06;17.02.1957 8:02
4e0a0481-77fb-4159-b55b-eaa244e76786;Joeann;6673.03;28.01.1997 1:01
e84d84a1-5bae-424b-b5c5-5fff6bbc4c4e;Carmela;8386.1;22.07.1969 1:07
bb73255c-58cf-4f38-86e7-a7fbc4bcbf96;Sherrie;7718.29;12.08.1950 7:08
6e025335-1bb2-48f5-b773-97cff3c583af;Jessy;9719.64;27.12.2003 8:12
093dc758-b9be-4486-a3d2-8103f8f4befd;Lynnea;5116.2;16.11.2008 2:11
e8d7cbcd-0529-416c-87e0-8183b39b39d2;Pierette;1175.8;29.11.1983 5:11
79cd02a4-1ede-47e5-885c-a5532a5e9fec;Aubrie;4649.06;01.12.2003 11:12
1450f467-3b55-4063-8306-c86567b7fdb6;Raina;7404.21;25.02.1977 1:02
1548e428-3908-46a4-aa97-87541f551dff;Goldie;9393.45;19.02.1963 7:02
de8dd092-af09-4ec0-b657-ef80cb120358;Karena;1984.52;09.04.1995 4:04
98737b46-0121-4d42-9fc6-2fc3bbf7f33b;Pamella;3227;02.06.1991 11:06
45df10a7-fdb0-418a-ad19-1ad38a291c38;Kimmy;3208.07;11.07.1985 2:07
2fc11ebc-4d1c-41ce-8baa-03a2fc4b6232;Sara-Ann;1442.92;15.12.1985 8:12
77073636-a3d0-41f4-a48d-193984b56ba2;Merry;2145.92;30.03.1965 6:03
9c2a29a8-e3ff-4cdf-abfc-5dfea12b313d;Tonia;2730.57;02.04.1982 7:04
971ee2fc-0114-44d1-995b-7965175fadb1;Nyssa;1419.09;13.07.1967 7:07
667675b4-25d3-403f-ae16-bb9fdc8d64c3;Inga;4727.35;08.06.1999 8:06
4c33524e-ba1f-43d9-9650-0b041d7ca8c7;Meg;3689.49;27.12.1975 12:12
f0a69001-aed9-4957-bf95-746948bc5dd0;Benita;6707.5;18.04.1963 6:04
ec93205c-1c22-4b18-967b-90f4c2bfd26f;Alie;6720.81;13.08.1986 1:08
a8ce07c8-da6a-48a1-b3f8-cb15ac058852;Gianina;9013.72;22.04.1970 10:04
0a6dff52-ce44-43f5-9eea-ef0376928ea0;Bobinette;4460.56;01.05.1998 9:05
fd335015-9d55-4766-8926-489e2519d9ac;Barbi;4523.29;01.10.1982 2:10
c907a6aa-7890-4a8d-803f-869534cec5bf;Vivia;1487.9;05.07.1974 6:07
fcedf075-347c-4efc-8d81-56f47aaf8bd7;Darci;8250.11;16.05.1983 5:05
f209b2fd-49cc-4df7-bf0c-5a04cd331b5d;Antonietta;5074.8;24.08.1987 10:08
41815ae4-2052-4b84-9afb-da496e60ecf0;Tabbatha;3515.89;15.09.1971 7:09
9b16cb28-8cfb-4b07-bef4-23408362afd5;Ofilia;3978.73;14.08.2015 3:08
92a09111-18a0-4903-8452-2cf4819b9a30;Agnese;6888.41;25.04.1991 5:04
0cfeadd1-b170-4af1-9f49-7b3ddcdf339c;Misha;3308.38;14.08.1952 10:08
5fa1009e-74e0-4a10-bb9d-5324e2b64c19;Ann-Marie;3706.45;08.07.1980 5:07
55e2702d-d3ac-48e3-b5ac-a1af9ab08d5a;Jolyn;6378.05;20.02.1976 6:02
ca43de51-f2b6-4981-8d6c-3b5f08a78669;June;8269.56;24.11.2015 2:11
7e5e510a-4278-4a02-8d9c-2819586d5f25;Elka;6755.24;08.01.1998 11:01
9e91706b-b514-48e8-9b98-a7b161ce753d;Ingrid;3588.66;03.08.1967 3:08
28a7a663-22d3-4257-adde-9f52b6b2e9dd;Averyl;2721.46;15.08.1998 1:08
319ea911-2b9c-432a-a111-33c19739482e;Jaclyn;5726.95;22.11.2009 11:11
eb347c6d-47f9-457c-a6e4-8d477212f93d;Amii;4886.89;11.03.1976 9:03
0cd1bec0-775b-4d12-89d0-fa720a7a1969;Lita;6891.94;22.11.1967 7:11
bb55e4b5-d3a9-4d32-846b-c84450c3540a;Carmencita;9380.56;08.02.1968 7:02
2ba4345e-7f75-4ae2-ac11-2632da0a2e2a;Shel;4031.07;07.07.1972 12:07
3ac02bba-eae7-4468-994e-562e2be5ec57;Ginnie;6190.84;16.06.1960 5:06
88a85d4f-5173-48a1-a4bb-295b9be3f5d1;Melodie;8704.95;02.12.1973 3:12
9ee50f79-1134-45a2-8f99-1e06ad3abd9e;Annora;3474.68;20.04.1966 4:04
9625e5e6-864f-4be6-878d-47bf46182340;Robinia;9832.28;27.05.1999 9:05
8347f8b5-f4bb-49ba-aa13-d97e37f47a92;Halette;3979.57;20.12.1976 12:12
ccc2830c-89cb-44bd-9213-69ab1eb8e3d4;Dyann;8699.42;14.08.1988 4:08
e81da776-f8d4-4341-89ae-4b534627daa5;Thalia;1917.76;09.06.1975 12:06
5876a09e-82e2-43ee-b345-59cab120cdeb;Rhoda;7718.9;17.06.1986 5:06
df8b35a3-432c-4574-9e49-f3c51441d7f3;Lila;6645.53;06.03.2008 1:03
7687828f-5b3c-4996-8e1c-2db7b9549d8d;Pollyanna;8821.42;07.07.2009 12:07
b5b18e5b-803a-4dea-9114-9f7bb9982d70;Chickie;6626.53;14.11.1952 12:11
9e8b7e05-d329-43b7-8cfa-2402d60b81a1;Rubie;2635.82;01.11.2001 11:11
c5a1aba8-f640-445a-8e62-0b5d04fe1bd8;Violet;1224.64;30.05.1960 11:05
b819bfbd-6a26-402c-9bd2-2faacea6c192;Rozele;3194.23;16.11.1981 9:11
73b08df5-5582-42b4-ae74-0ff2fa05cb5b;Alia;6573.54;15.09.1966 9:09
36c5f765-cc14-4aad-afa3-aab1753f21b1;Letizia;5488.18;23.07.1993 3:07
e87804af-4bba-43ad-aaf7-1b5fa8e6113b;Valeda;6914.24;07.03.1958 6:03
7f25476e-13ac-4a70-84be-4de9ab4f28e2;Mallory;8305.48;20.02.2015 7:02
ceab2779-c9df-4027-84cb-46f2b4d92a17;Annaliese;8600.26;16.02.1950 10:02
0dd985c8-2685-4d03-8555-ecb48f196f31;Sue;7222.82;27.09.1961 1:09
189dd74b-3d63-4c8c-9498-5a62edd06733;Kylynn;4618.8;16.06.1956 11:06
e4430b61-b89f-4d58-89c5-eb4d6ffb52f5;Wynne;7647.19;02.05.1961 4:05
dbb07131-31c8-4121-8e7b-638218d2c083;Jolyn;2500.72;17.04.1953 9:04
38325754-9c93-4634-b237-87d536dc56d1;Cassondra;6702.27;20.03.1953 2:03
6c070ef7-d3a9-4001-8589-1a5bd54ef79a;Benita;9039.34;10.05.1970 1:05
8d751b43-489d-4070-b74e-019383e99fc9;Lanna;2085.9;14.08.1983 8:08
3c9d3054-09ff-42d0-9cd9-60053a070297;Andree;1757.91;09.05.2011 10:05
c2423512-ad5b-452b-944b-73ec184df5a2;Starla;1189.34;07.01.2002 4:01
3903a36f-50b8-48f4-a147-6b65200be12d;Fredericka;5744.97;08.10.1975 9:10
9ecb2bfa-1a38-4a59-b9d5-951537bd87a2;Sabina;4528.6;01.02.1983 8:02
3a30e852-bd6a-4b0c-9ee4-fa2e8a9aebff;Shaine;7085.08;20.02.1967 8:02
07fd8d5e-058c-423d-9674-1fcbf83c53e1;Rori;8642.88;02.05.1972 10:05
49624a5d-ed22-4d95-96d6-b4f909f58a91;Tressa;9003.15;14.05.2006 10:05
0f607ee4-bc1c-401e-9a4c-44b5a6837dc7;Emelina;9207.2;01.03.2008 8:03
40cbe0b8-26b7-4f01-99e0-6ec07726ebf6;Dale;8196.44;28.11.1990 2:11
4bd9a24b-448f-4435-93f1-dbf79f265ce2;Cristine;7160.52;11.03.1987 7:03
bc58294d-f18c-49af-b45f-5351c75654b9;Ericka;1641.95;21.06.2003 10:06
c4f53b70-3427-4d31-8591-444967919bfc;Maryellen;1141.03;23.10.2008 5:10
5d6eadd1-6b6a-49c9-920d-61a8f38579b5;Emylee;1315.14;18.02.2005 4:02
f460224f-46fb-4a8e-8b87-3699d1f862a1;Chandra;7018.49;27.01.1995 3:01
d5597ab4-4582-4642-bf1a-bfcddcd4e99d;Therine;6813.7;24.01.2004 7:01
0c62a57a-a8fe-441e-91eb-8d80f7a926fd;Kathi;1919.26;18.12.1982 9:12
7673baa6-e128-44df-8e9a-a2343800bc0e;Susan;5603.6;13.03.2002 7:03
cf49eecc-9587-4f74-bd0c-2368559482b1;Margette;6957.21;19.12.2004 11:12
01edafbe-bb18-4f21-97b1-27f5cb9899cd;Briney;7534.7;11.02.2005 6:02
ad857a16-072b-40e9-a3af-324f2a5b4661;Jenilee;9979.02;19.05.1981 11:05
b2a69523-bec3-4b9e-aba8-6b807d75ee72;Tersina;7214.83;29.01.2009 1:01
ec175c27-75f1-4c6b-9cd2-e0ed817ef3f0;Delilah;9398.21;14.11.1954 12:11
a7c84693-493d-4d89-ad83-51e1816d9b8b;Berget;3406.75;13.04.1978 12:04
f5167234-645a-4a3d-b180-ea42e155141d;Dennie;6163.37;24.10.1991 6:10
9421b5e1-da3b-497b-8332-da10367a8925;Kirbee;8390.26;18.01.1971 6:01
dd9e0c35-2ce7-4f9f-9fca-59e6abcaab5c;Kenna;5554.54;12.07.2005 2:07
a1221a66-e1a0-4c03-9357-bdbe274e8f77;Nicoli;8545.93;12.04.2017 9:04
1ed33bcc-43a7-4bb3-9368-c0aa4902c394;Sheree;3322.8;20.03.1958 11:03
0e210eda-f34f-49b1-aa60-532b4945aed4;Orsola;5827.58;04.05.1998 9:05
b7454b2c-47cb-4cd5-85c5-0eb5510a4d0c;Olivette;1250.54;20.09.2004 3:09
9d6a23ea-a35c-4827-b480-1b1515744446;Marleah;2305.33;15.12.2018 10:12
41ae5038-9f4f-4761-8f8d-76698d7065ca;Rochette;5188.29;06.09.1977 7:09
d0fab64a-8d70-4e4c-8d23-d307bb3e55ee;Lenna;4789.97;28.11.1972 10:11
8daf5a4b-e27e-442e-850d-8e257290b8c8;Lanna;1111.65;04.12.2004 5:12
5ed4cefe-eac3-488c-a45c-4cc504cffcc1;Celene;8355.59;26.09.2014 2:09
1a123268-9a0d-4f25-b385-86517526ad0d;Belva;8763.04;15.09.2014 11:09
f9f18294-ce42-441d-b188-db7ba1b029b0;Ariela;3020.73;08.08.2016 2:08
d4977299-932a-4c03-9a8b-e354b1f6a026;Averyl;7055;03.08.2001 5:08
7726a0f4-44dc-4677-96c6-a0f693fd7009;Kathy;8176.09;02.05.2019 8:05
f18ef073-3809-43ac-8ce2-4fe61da376c5;Latisha;6434.23;20.04.1956 11:04
1d5d00cf-db02-4d60-8346-d5a623f58df5;Alisha;2749;20.06.1965 2:06
e5559df6-d6cb-4eae-9c1f-62e11a8723a0;Raquela;2555.87;13.12.2005 1:12
956f2970-15ce-4dd2-a88b-5543aa435c64;Teddie;8759.3;30.12.1957 4:12
02ae6bc8-cdd5-40fe-9744-a8cc160f800d;Giustina;8310.66;12.04.1994 1:04
b4f7436c-919d-41bd-b849-c8ead620b50f;Lynde;9892.72;22.10.2015 12:10
7167eb85-2e65-475d-b5e2-89b1d4deeb50;Lilith;7863.73;17.05.1999 8:05
d366eeee-33e5-490c-893a-5c851de9fa83;Farrah;3179.5;23.11.1972 4:11
f9dbe8bc-7f9a-4a95-ae28-e0c6c6a1cdfd;Lanae;8955.11;10.02.1960 11:02
73c9c4b9-e3ff-48a0-a62a-48bb2939e8da;Brena;3492.4;12.08.1953 5:08
8ff9a7a1-44f4-4d6d-8d74-eb76f78b59ff;Henriette;6416.24;21.01.1985 6:01
69721efb-4ee7-4e8c-b293-44538760856d;Anthia;3764.8;20.03.1954 2:03
a79ffff4-1d9e-4641-9be7-50d48c49944c;Danika;5478.22;19.11.2012 5:11
70afbbbd-f4aa-402f-8908-cc61c13b7628;Jan;9293.88;13.09.1988 3:09
80277807-ee4f-4b8a-99b1-4bbc659ac0c4;Myrtice;9874.69;15.09.2006 2:09
4d1d6b13-c2ed-4115-97ad-a3ef2bb1c996;Cam;7770.25;11.12.2016 10:12
fefb9c0f-07e2-45cd-b7c1-5dc54c583a8c;Lucy;2856.31;21.09.2003 6:09
967634da-b592-4140-95d7-c8ca660a17a2;Bibby;9048.82;30.04.2019 11:04
314c99cb-c201-4e5c-94a3-275211379047;Constance;1561.68;25.03.2000 6:03
86658ae7-f8b9-44fd-8b0a-5e414ff7ac7b;Jaclyn;5370.56;28.06.2001 7:06
b7c3bdaa-de76-4612-86cb-224210c13a27;Phedra;6727.2;08.06.1998 1:06
260352d1-6b00-48ac-9ae0-01081cacd15e;Glenda;1316.01;30.03.1975 5:03
3726b0f8-8dbf-4219-9670-0637677d2a4a;Brena;3397.47;05.01.1955 10:01
4f8ab001-bcea-44ff-8f11-ed039abef928;Joceline;6004.22;02.08.1986 3:08
eae74d61-7356-4c16-915a-a48ac2cd4b07;Xylina;5456.89;01.04.1972 6:04
8af99006-62fd-423f-8d36-903945a387b7;Lynnea;5757.5;05.07.2006 9:07
81c09e01-a3bf-4eef-83e8-a56ede6a8f70;Briney;3260.78;31.10.2008 2:10
82194041-e8dc-4fd0-9005-0976f3f5edcb;Jean;5703.33;28.09.2002 10:09
5af62ab6-71b9-40ca-ac99-685ba0676480;Jackie;1535.22;21.03.1961 12:03
1202d57d-07e6-408d-801e-db1ccc6cd19e;Eugine;6604.83;04.06.2013 7:06
a4fe4947-9494-4a25-b747-6e22e3cf45dc;Chastity;1393.24;28.04.1954 5:04
a7c958b3-2cf2-4302-85ff-d4aa1ea56368;Elise;7235.64;05.04.2003 8:04
c3b34e16-7656-4885-9472-81baddb176fe;Orelia;3755.93;24.05.2007 12:05
aed93cc0-ee89-4c47-9833-8a6c6bc63433;Deirdre;9906.99;08.06.1976 6:06
ef294635-992a-4f1a-a8e8-ec4eba46594d;Jenda;7128;24.03.2017 7:03
ff87d920-f209-4733-a7e8-cb8457d3af7e;Mariann;5479.48;01.12.1952 2:12
655f4900-aee8-46a4-ace0-35c2e15b7bbf;Janey;3461.19;20.08.1978 11:08
970284cd-c69b-455e-bed0-f8e0e04ba5e2;Roxane;1697.63;05.06.1954 5:06
c20a6526-6af2-45b3-a32b-fb59be755d0a;Correy;3208.4;02.09.1984 7:09
bdc0cc95-b15d-4d7b-ac8e-a3af3fec9faa;Carilyn;3864.3;18.06.2017 2:06
1cd7ca41-aa11-4c3a-9b2e-c7f446728bc4;Courtnay;2447.61;11.08.1972 8:08
4ce54418-f761-4b6e-8cf4-43fd5be50c09;Tracey;6394.36;12.07.1980 5:07
503d8492-65a7-4eb6-aae5-8234005841a2;Gabriellia;5302.05;31.10.1993 2:10
a8eb2ca5-e56a-4499-921d-664e924f7995;Fanny;8949.75;06.03.1965 5:03
be71af52-b7cf-45d8-a261-dc4844b5d567;Ericka;6841.48;30.07.1969 11:07
9955cf8d-522a-4154-a9d8-47b6dd24d178;Bobbi;5673.12;13.10.1997 5:10
e4d1eff6-5058-4be2-8253-cafe79f6efca;Tani;8693.97;27.05.1967 12:05
cf838f2b-6e02-4137-a645-b079688a6930;Karly;4213.44;31.05.1974 6:05
f0c356a5-1ac4-46c0-8502-75524771abd6;Ericka;5760.82;04.11.1960 9:11
d5c3012f-b8bc-4a78-ac7f-929fd6c49012;Dyann;7543.79;08.11.1980 3:11
0b112733-90c3-40ec-b7e3-160195896838;Dode;2111.79;16.07.1999 9:07
c85a5540-a7f8-4d72-b30f-32851d5d6ec6;Myriam;7875.16;21.11.2013 11:11
4edbd0ab-9a4a-4bd3-96b3-53fa81315585;Britte;7016.49;29.05.1975 10:05
e088d1ce-49a7-4428-831a-e72e5b03883a;Sharai;2691.08;14.09.2007 5:09
cfe5b8d5-2653-451a-9141-5d363cc32c03;Feliza;9105.2;23.09.1963 9:09
943661ca-17ef-42f2-b0ea-7e2315747a2a;Dorothy;1983.17;23.01.1988 8:01
448bf3c8-b7db-4a36-9269-5548b2df7c09;Mureil;7556.9;29.11.1990 10:11
df7ade14-619c-45ca-8107-71781e5114ca;Brana;9385.18;21.02.1950 2:02
a53affb3-d6ba-4f47-93a6-16e4b72498ed;Roslyn;4353.34;09.07.1994 9:07
9ec2580a-8ad0-41bc-952d-d3c3a5dc3987;Cecile;4588.67;09.05.2002 9:05
5c033e6e-48e3-4135-9541-c58041909e2a;Rosabelle;8578.07;01.04.1961 1:04
b997ea5a-ceda-4488-9fa4-863adb781657;Rhea;2122.93;05.04.1987 1:04
59ad60d9-d550-437a-946e-59360215998e;Rebeca;3523.29;07.09.1990 11:09
c83b99ea-30bd-4911-a4d3-1c910828b5cc;Etta;9347.36;19.06.1982 10:06
e095493e-c2bc-4b6d-9909-de2b24f87238;Candi;4623.02;11.04.2003 2:04
93aacda1-d33e-45bd-9339-79f01d625840;Mariann;9949.43;27.04.1991 10:04
2a1e9a68-5b1d-46b2-977e-13033de69a7d;Kerrin;2197.49;22.11.1964 10:11
39742320-aff1-48e9-9e9a-f3be6089fbca;Lyssa;2054.73;10.12.1963 11:12
7886df6f-9f03-48e6-8af3-ec1aa1e00ecd;Mara;6215.15;06.09.1984 11:09
0c0b7dee-b35b-475d-b176-5d90e540ffd3;Livvyy;7862.88;25.03.1961 6:03
a49d37e3-cc24-4ad0-a0b4-a28ca9dd1290;Letizia;7354.83;30.07.1982 1:07
6c4d928c-0a9c-4b73-9be5-c02f9b73499d;Perry;8644.86;19.01.2006 5:01
aa8c9514-107f-4e39-88b6-e33619810012;Vinita;9652.94;08.09.1971 12:09
e126d9bd-149e-4895-bce8-78351ae9f1fd;Emilia;4289.85;26.09.1951 7:09
9fe70988-5ca2-4675-9ef9-106b655fc7b2;Cristine;1098.15;15.09.2009 9:09
0053a710-81d8-4042-82a9-ff694dd35259;Damaris;3383.91;01.09.1987 7:09
6c0642c4-29b8-413b-a0b0-57a3c33cdb45;Pamella;8699.09;26.10.1984 2:10
6f78522b-98a5-4ff7-96de-3d9901f699d2;Gerianna;5456.17;08.06.2016 6:06
3e64158c-6489-43da-b15c-140a01582652;Kerrin;1469.86;16.06.2006 1:06
db2159e7-c570-4c88-8ce0-3affc44cbb4a;Gavrielle;3064.64;18.11.1952 12:11
4b28adbf-2d57-456e-9171-93a673bc97a0;Aurelie;8177.26;09.02.1957 9:02
d9020570-c4f2-4b6d-b69a-658154b0e190;Lizzie;6934.14;13.05.1961 8:05
33d432c3-ca1b-40a5-8a5b-2e9ead1110c3;Sidoney;6325.22;01.06.1963 8:06
2192224b-be6e-491a-990f-d188a9a34230;Deedee;2458.85;05.03.1996 5:03
d1ea2909-7ab1-4505-949b-fda8025759c8;Jennica;3891.8;11.05.1984 3:05
d4c8ba25-7fd1-41bd-b3ed-b041f16382ef;Kenna;3132.45;15.11.2001 6:11
e1a12c32-141b-4d96-ae36-0c02f057c7af;Myriam;1637.21;18.02.2006 9:02
2113fd9d-e927-460b-84bd-cd97ecb10c59;Dyann;3726.72;21.05.1988 6:05
8e1c789e-671a-4874-be64-12d3e2dc4eb5;Jorry;6217.21;29.03.1994 1:03
6e88ae3c-9719-4296-aa98-fd23006a0a1c;Cordi;2962.08;30.03.2003 7:03
87e356ed-bb79-4344-bdfd-722578ea64b2;Annaliese;8113.23;08.09.1976 2:09
bb6a63f5-2330-481a-b7dd-8b256ac0a277;Arlena;6469;23.02.1975 9:02
34c1f345-c306-4beb-8176-14b3df75c447;Tiffie;2769.22;26.10.1996 4:10
3956830b-0d74-4650-9f31-64eb77322e88;Lorie;2213.13;04.01.2010 10:01
2cf80480-d716-4430-bad8-f39dddd58921;Babita;7773.68;01.06.2001 10:06
94d9361f-7b3f-4858-b246-b3cd8c545174;Britte;9323.32;24.08.2001 1:08
b620dc83-0862-4cdc-9635-7ad852970a47;Alexine;2870.99;23.01.1954 6:01
c99c3107-b0ef-4118-84a3-42446123b957;Lita;6668.26;14.04.1984 6:04
ef5fd564-8500-4c07-b3e4-a07ee05237ca;Ekaterina;2270.56;30.08.1993 10:08
cbdd3968-c90d-4f83-868c-dc605a466c63;Hildegaard;9098.35;24.08.1998 11:08
f4306741-e85f-4597-abc1-a10d64bd7d5f;Glenda;4767.34;12.11.1982 2:11
aee020fc-4491-426a-abd1-0c9fefe3b9a4;Teriann;9302.78;19.07.1952 9:07
9f61c3c0-22dc-40f0-9930-6265dbf5b96c;Aubrie;3491.91;13.05.1951 8:05
32ce551c-b0a4-4c35-abc9-44d1f1f0697e;Dotty;5285.98;18.09.1958 12:09
d756181e-7c4d-428a-b3cc-e2553bf255b3;Dulce;8743.13;20.10.2011 1:10
093cbc0b-3af9-4d43-a6c1-fe11399c7cf3;Aigneis;1261.5;05.12.1994 2:12
4215f314-5049-4bd5-8986-5a54055eff5f;Modestia;3228.82;14.07.2019 8:07
4408988f-2a26-4986-90af-71cabcecd6b7;Mellicent;3406.15;26.12.1988 4:12
9d51fbfc-54e7-420c-9e06-02958648bbff;Frances;3910.83;07.06.1984 2:06
36fb698f-ce7a-430e-9291-f3d806170e73;Vivia;7395.04;18.06.1996 7:06
7df3f9d5-4d8d-42a2-adfa-fab2172b86ec;Joy;6781.85;05.01.1994 4:01
6304a364-5b46-4a97-bbba-644a69c747e7;Tomasina;3416.24;03.01.1992 2:01
b8835bd1-109d-4858-809a-be9762f03b4b;Robinia;5401.37;09.01.2014 5:01
61685efb-232b-48db-9f03-c90d358667dd;Tiffie;7401.26;11.07.1994 1:07
e09e1b03-3706-4dff-956e-86d6083b2357;Millie;2854;17.10.1982 8:10
87c0adfb-0f8c-43e5-a797-4b4d5e288a6d;Fanny;3754.64;13.12.2014 9:12
58769001-c782-4249-b684-1158bbba4918;Alex;9685.16;21.02.1995 7:02
5794d3cc-9369-4ea2-8507-f43f72168ab1;Molli;6591.72;07.04.1980 12:04
53b15156-c366-40e7-b4b5-562ce4e9c7c2;Hettie;6100.13;05.06.1997 1:06
1806b72e-e8a7-4ebf-96c9-e4b756ddb051;Etta;2149.75;04.08.2003 3:08
36564204-6c1d-4945-a5f0-8f6635a547ce;Sibella;7291.41;03.06.1998 1:06
de7e3905-096c-4e5d-864b-e797bdf61ac6;Sallie;7881.31;22.10.1973 9:10
a0b529a0-6f11-42b6-85db-d36143121ca5;Heddie;2312.34;03.11.1969 3:11
77581c8b-183b-4a95-9b45-56e5d10afd32;Henriette;1455.91;25.04.1967 12:04
0667edfc-f6ad-4214-aec4-dc371a485b63;Almeta;2832.26;13.10.1969 4:10
423729dc-9f7e-4786-997e-8c4c5cdecaba;Amii;2914.36;16.08.1985 6:08
cc8d8e3e-d569-4f71-9581-dd2cdaf630af;Zondra;5465.76;12.08.1996 11:08
45dba61a-d4cb-4642-b71c-a72f7cb32d1c;Annabela;2656.61;15.10.1970 1:10
ab3ba7f7-e9b5-4f05-abed-c0264b0d16e8;Elena;4570.55;16.07.2018 10:07
d1f22637-274d-452c-93dc-b274ba1f2db7;Brianna;3804.64;12.11.1952 6:11
abfb0405-2ab2-4f8c-941c-b27dafe87500;Bill;6648.49;30.05.1954 7:05
d25f595d-c050-4b5b-9e59-e161cdbbebae;Mamie;1140.12;30.08.1974 1:08
3ed344f9-90e3-4b26-a664-f0a19e08a75a;Vanessa;6374.23;13.02.1973 10:02
f529ef85-07f7-4fda-bdfc-280ad729bd5e;Jinny;6266.31;07.11.1983 6:11
55b891a6-168f-4759-8e4d-edea3715e4fd;Maud;5891.09;01.05.1980 1:05
d49c4325-ecbe-4faa-873a-dce3d1185b80;Lynnea;5563.28;08.05.2003 3:05
a1b7ed57-acf5-4b03-afe2-a42a0251c6fd;Eolanda;6858.11;03.04.1990 1:04
f0703e24-8b6b-4fef-b6cb-7fde1e7a1314;Deane;8883.06;28.07.1970 1:07
6d93e379-b5d9-468b-aecc-a25a3f90af68;Elbertina;5771.63;29.04.2011 7:04
32b7e969-d3bb-4f2b-bf0e-b013ae278a21;Ernesta;5408.43;05.11.1985 3:11
6252db33-b43a-461e-ba67-e78edc5730fd;Janey;3583.46;06.03.1987 7:03
cb6124c1-c4cb-48b3-80a2-cd8f2c87a045;Jaime;3902.7;15.11.1965 11:11
727b7818-ce49-4826-9a37-ce8fca74b323;Quintina;2509.02;15.06.2015 8:06
d2c84c48-7b13-4ff4-b010-f43a4059e2e6;Talya;2355.72;24.06.1981 7:06
9e98e95e-0965-44e9-81b2-e1fdfc331ea9;Nickie;6622.5;21.09.1953 6:09
b87d1962-a533-4214-aedb-e66e87aa89db;Mariele;9088.69;02.04.1985 10:04
95f7edec-3dbc-43c7-a535-588a25fd3fe4;Courtnay;8596.69;08.11.1996 5:11
ee1bc677-5668-4291-a252-0316da29cece;Mildrid;6839.9;06.01.1962 5:01
12834216-e2d9-4a28-a07e-efb012060dab;Tatiania;6235.45;08.08.1963 11:08
d905b308-6ffa-4849-beb4-7e7ab9b630bf;Rosaline;7094.18;13.02.2018 5:02
874204c5-23bc-4f12-ba26-739d5a67f5ef;Keelia;1681.77;07.01.1997 10:01
09733f9b-546e-43cb-8a76-2b176f88820c;Chickie;1543.02;15.10.1966 11:10
eb001f7a-1f7e-4204-a1e9-494a7eece668;Nikki;9217.9;16.05.1995 1:05
57a3f143-47c8-4b41-a491-299133767de1;Shaine;8721.84;26.01.1963 11:01
5a5e2e26-d2bd-420a-ba2c-f81ea9cc93b7;Adele;6780.63;02.12.1979 8:12
a084e2f9-8ecb-4c4e-acf4-25ac5dad1774;Rori;9674.15;01.09.1971 8:09
c90a0d35-f69c-44cb-9cea-63552fe1c64a;Moyna;5522.18;04.07.1990 1:07
0ba478f8-a769-4ab2-9c96-cd87f67b9a95;Gui;7012.78;11.03.1996 4:03
218955f6-eda5-4984-8f8c-71acc63b4608;Roslyn;6050.74;09.11.1960 1:11
8ca1e243-bf90-4b63-bd49-657e2a7ec1fe;Daryl;6219.28;20.07.2001 3:07
0547fa94-000d-4310-a54c-998a50439bab;Kimberley;2663.8;22.07.1950 11:07
b76443fc-36e7-4c9a-b310-10c624f19b38;Mahalia;5691.22;10.12.1971 12:12
ffde8bf1-1d4f-4c3d-a8ce-59a2fbf45eb4;Belinda;3822.59;06.08.1990 5:08
1b771852-49dd-42e6-bdeb-c146c864a028;Modestia;4427.91;17.05.1996 3:05
e33f18a3-127e-461a-8ef2-60424ddace85;Beth;2425.54;09.10.2011 5:10
cd6ba22f-e439-4bbe-b1dc-9d3900c5623f;Katleen;9064.52;16.08.2005 12:08
